protocol,link_layer,link_layer_mode,blocksize,network_setup,data_format,dns_format,vector_type,run,test_size,classifier,classifier_args,length,max_length,true_dns,false_dns,false_data,true_data,accuracy,precision,recall,f1_score
oscore,eth,,64,p1,json,dns_message,binvec,1,0.2,dt,,8,4280,0,27678,0,61974,0.6912729219649311,nan,0.0,0.0
oscore,eth,,64,p1,json,dns_message,binvec,1,0.2,dt,,16,4280,0,27395,0,62257,0.6944295721233212,nan,0.0,0.0
oscore,eth,,64,p1,json,dns_message,binvec,1,0.2,dt,,24,4280,0,27539,0,62113,0.6928233614420203,nan,0.0,0.0
oscore,eth,,64,p1,json,dns_message,binvec,1,0.2,dt,,32,4280,0,27733,0,61919,0.6906594387186008,nan,0.0,0.0
oscore,eth,,64,p1,json,dns_message,binvec,1,0.2,dt,,40,4280,0,27765,0,61887,0.690302503011645,nan,0.0,0.0
oscore,eth,,64,p1,json,dns_message,binvec,1,0.2,dt,,48,4280,21107,6614,3191,58740,0.8906326685405791,0.8686723187093588,0.761408318603225,0.8115111786078164
oscore,eth,,64,p1,json,dns_message,binvec,1,0.2,dt,,56,4280,21113,6516,3200,58823,0.8916253959755499,0.8683831694977995,0.7641608454884361,0.8129452081167456
oscore,eth,,64,p1,json,dns_message,binvec,1,0.2,dt,,64,4280,21384,6400,3388,58480,0.8908222906348994,0.8632326820603907,0.7696515980420385,0.813760560164396
oscore,eth,,64,p1,json,dns_message,binvec,1,0.2,dt,,72,4280,21178,6503,3210,58761,0.891658858698077,0.8683778907659505,0.7650735161301976,0.8134590639343947
oscore,eth,,64,p1,json,dns_message,binvec,1,0.2,dt,,80,4280,21198,6597,3204,58653,0.8906772855039486,0.8686992869436931,0.7626551538046411,0.8122305879648256
oscore,eth,,64,p1,json,dns_message,binvec,1,0.2,dt,,88,4280,21114,6413,3248,58877,0.8922388792218802,0.8666776126754782,0.7670287354234024,0.8138141031817919
oscore,eth,,64,p1,json,dns_message,binvec,1,0.2,dt,,96,4280,21118,6656,3178,58700,0.8903091955561504,0.8691965755679947,0.7603514077914596,0.8111388515459957
oscore,eth,,64,p1,json,dns_message,binvec,1,0.2,dt,,104,4280,21208,6559,3145,58740,0.8917592468656583,0.8708577998603868,0.7637843483271509,0.8138142747505756
oscore,eth,,64,p1,json,dns_message,binvec,1,0.2,dt,,112,4280,21042,6601,3267,58742,0.88992995136751,0.8656053313587561,0.7612053684477083,0.8100554357868802
oscore,eth,,64,p1,json,dns_message,binvec,1,0.2,dt,,120,4280,21059,6677,3208,58708,0.8897403292731897,0.8678040136811308,0.7592659359676954,0.809914812606965
oscore,eth,,64,p1,json,dns_message,binvec,1,0.2,dt,,128,4280,21160,6485,3219,58788,0.8917592468656583,0.8679601296197547,0.7654187013926569,0.8134707058280793
oscore,eth,,64,p1,json,dns_message,binvec,1,0.2,dt,,136,4280,21128,6555,3177,58792,0.891446928122072,0.8692861551121168,0.7632120796156486,0.812802954527968
oscore,eth,,64,p1,json,dns_message,binvec,1,0.2,dt,,144,4280,21389,6527,3287,58449,0.8905322803729978,0.8667936456475928,0.7661914314371686,0.8133936720413751
oscore,eth,,64,p1,json,dns_message,binvec,1,0.2,dt,,152,4280,21049,6546,3224,58833,0.8910230669700621,0.8671775223499362,0.7627831128827686,0.8116372329760161
oscore,eth,,64,p1,json,dns_message,binvec,1,0.2,dt,,160,4280,21033,6442,3175,59002,0.8927296658189444,0.868845009914078,0.7655323020928116,0.813923340363369
oscore,eth,,64,p1,json,dns_message,binvec,1,0.2,dt,,168,4280,21254,6536,3177,58685,0.891658858698077,0.8699602963448079,0.764807484706729,0.8140020298347408
oscore,eth,,64,p1,json,dns_message,binvec,1,0.2,dt,,176,4280,21348,6616,3167,58521,0.8908780618391112,0.8708137874770548,0.7634100986983264,0.8135825758874978
oscore,eth,,64,p1,json,dns_message,binvec,1,0.2,dt,,184,4280,21128,6534,3184,58806,0.8916030874938652,0.8690358670615334,0.7637914829007303,0.8130218955631662
oscore,eth,,64,p1,json,dns_message,binvec,1,0.2,dt,,192,4280,23031,4743,3575,58303,0.9072190246731807,0.8656318123731489,0.8292287751134154,0.8470393527031997
oscore,eth,,64,p1,json,dns_message,binvec,1,0.2,dt,,200,4280,22867,4679,3512,58594,0.9086356132601615,0.8668637931688086,0.8301386771219051,0.8481038479369495
oscore,eth,,64,p1,json,dns_message,binvec,1,0.2,dt,,208,4280,22845,4675,3725,58407,0.9063043769241066,0.8598042905532556,0.8301235465116279,0.8447032723239046
oscore,eth,,64,p1,json,dns_message,binvec,1,0.2,dt,,216,4280,22814,4767,3583,58488,0.906862088966225,0.8642648785846877,0.8271636271346217,0.8453073474378451
oscore,eth,,64,p1,json,dns_message,binvec,1,0.2,dt,,224,4280,22850,4890,3387,58525,0.9076763485477178,0.8709074970461562,0.8237202595529921,0.8466569094243844
oscore,eth,,64,p1,json,dns_message,binvec,1,0.2,dt,,232,4280,22990,4848,3591,58223,0.9058693615312542,0.8649035025017869,0.8258495581579136,0.8449254855840791
oscore,eth,,64,p1,json,dns_message,binvec,1,0.2,dt,,240,4280,22805,4735,3582,58530,0.9072301789140231,0.864251335885095,0.8280682643427741,0.8457729894116119
oscore,eth,,64,p1,json,dns_message,binvec,1,0.2,dt,,248,4280,23038,4717,3574,58323,0.9075201891759247,0.8656996843529235,0.8300486398847055,0.8474994022109
oscore,eth,,64,p1,json,dns_message,binvec,1,0.2,dt,,256,4280,23049,4790,3510,58303,0.9074198010083434,0.8678414096916299,0.8279392219548116,0.8474208610610684
oscore,eth,,64,p1,json,dns_message,binvec,1,0.2,dt,,264,4280,22748,4922,3492,58490,0.9061482175523133,0.8669207317073171,0.8221178171304662,0.8439250602856613
oscore,eth,,64,p1,json,dns_message,binvec,1,0.2,dt,,272,4280,22950,4683,3657,58362,0.9069736313746486,0.8625549667380764,0.8305287156660515,0.8462389380530974
oscore,eth,,64,p1,json,dns_message,binvec,1,0.2,dt,,280,4280,22954,4813,3555,58330,0.9066613126310623,0.8658946018333397,0.8266647459214175,0.8458250423760041
oscore,eth,,64,p1,json,dns_message,binvec,1,0.2,dt,,288,4280,22942,4817,3542,58351,0.9067617007986436,0.8662588732819816,0.826470694189272,0.8458971664546577
oscore,eth,,64,p1,json,dns_message,binvec,1,0.2,dt,,296,4280,22788,4806,3491,58567,0.9074532637308704,0.867156284485711,0.8258317025440313,0.845989642306907
oscore,eth,,64,p1,json,dns_message,binvec,1,0.2,dt,,304,4280,22896,4827,3475,58454,0.9073974925266587,0.8682264608850632,0.8258846445189915,0.8465264169778534
oscore,eth,,64,p1,json,dns_message,binvec,1,0.2,dt,,312,4280,22816,4873,3627,58336,0.9051889528398697,0.8628370457209847,0.8240095344721731,0.8429764279908372
oscore,eth,,64,p1,json,dns_message,binvec,1,0.2,dt,,320,4280,22664,4769,3541,58678,0.9073082585999197,0.8648731158175921,0.8261582765282689,0.8450725232111562
oscore,eth,,64,p1,json,dns_message,binvec,1,0.2,dt,,328,4280,22805,4833,3380,58634,0.9083902199616294,0.8709184647699064,0.8251320645488096,0.8474072422570277
oscore,eth,,64,p1,json,dns_message,binvec,1,0.2,dt,,336,4280,22935,4825,3507,58385,0.9070628653013876,0.8673700930338099,0.8261887608069164,0.8462787351020258
oscore,eth,,64,p1,json,dns_message,binvec,1,0.2,dt,,344,4280,22913,4838,3511,58390,0.9068732432070673,0.8671283681501665,0.8256639400381969,0.8458883248730964
oscore,eth,,64,p1,json,dns_message,binvec,1,0.2,dt,,352,4280,22775,4969,3388,58520,0.9067840092803284,0.8705041470779344,0.8208982122260668,0.84497375108984
oscore,eth,,64,p1,json,dns_message,binvec,1,0.2,dt,,360,4280,22961,4687,3582,58422,0.9077655824744568,0.8650491655050295,0.8304759837962963,0.8474100865457364
oscore,eth,,64,p1,json,dns_message,binvec,1,0.2,dt,,368,4280,22692,4774,3686,58500,0.9056351224735645,0.8602623398286451,0.8261851015801355,0.8428794294628928
oscore,eth,,64,p1,json,dns_message,binvec,1,0.2,dt,,376,4280,22926,4891,3551,58284,0.9058358988087271,0.8658835970842618,0.8241722687565158,0.8445132058791026
oscore,eth,,64,p1,json,dns_message,binvec,1,0.2,dt,,384,4280,22676,4776,3542,58658,0.9072190246731807,0.8649019757418568,0.8260236048375346,0.8450158375256195
oscore,eth,,64,p1,json,dns_message,binvec,1,0.2,dt,,392,4280,23345,4361,3443,58503,0.912952304466158,0.871472301030312,0.8425972713491663,0.8567915733842257
oscore,eth,,64,p1,json,dns_message,binvec,1,0.2,dt,,400,4280,23513,4248,3612,58279,0.9123276669789854,0.8668387096774194,0.8469795756637009,0.8567940822796342
oscore,eth,,64,p1,json,dns_message,binvec,1,0.2,dt,,408,4280,21853,5738,3310,58751,0.8990764288582519,0.8684576560823432,0.7920336341560654,0.8284869393790044
oscore,eth,,64,p1,json,dns_message,binvec,1,0.2,dt,,416,4280,21805,5949,5869,56029,0.8681791817248918,0.7879236828792369,0.7856525185558838,0.7867864617161001
oscore,eth,,64,p1,json,dns_message,binvec,1,0.2,dt,,424,4280,21757,5819,6596,55480,0.861520099941998,0.7673614785031566,0.7889831737742965,0.7780221352071376
oscore,eth,,64,p1,json,dns_message,binvec,1,0.2,dt,,432,4280,21930,5789,6623,55310,0.8615535626645251,0.7680453892760831,0.7911540820375915,0.7794284901905033
oscore,eth,,64,p1,json,dns_message,binvec,1,0.2,dt,,440,4280,21731,5869,6834,55218,0.8583076785793959,0.7607561701382811,0.7873550724637681,0.7738271165316478
oscore,eth,,64,p1,json,dns_message,binvec,1,0.2,dt,,448,4280,22338,5271,6260,55783,0.8713804488466514,0.7811035736764809,0.8090839943496686,0.7948476168448769
oscore,eth,,64,p1,json,dns_message,binvec,1,0.2,dt,,456,4280,22251,5447,6226,55728,0.8697965466470352,0.7813674193208554,0.8033432016752112,0.7922029372496662
oscore,eth,,64,p1,json,dns_message,binvec,1,0.2,dt,,464,4280,22357,5378,6369,55548,0.8689711328247,0.7782844809580172,0.8060933838110691,0.7919448823081419
oscore,eth,,64,p1,json,dns_message,binvec,1,0.2,dt,,472,4280,22475,5275,6032,55870,0.873878998795342,0.7884028484231943,0.80990990990991,0.7990116785466698
oscore,eth,,64,p1,json,dns_message,binvec,1,0.2,dt,,480,4280,22327,5156,6155,56014,0.8738343818319725,0.78389860262622,0.8123931157442783,0.7978915393549539
oscore,eth,,64,p1,json,dns_message,binvec,1,0.2,dt,,488,4280,22288,5207,6127,56030,0.873577834292598,0.7843744501143762,0.8106201127477723,0.7972813450187802
oscore,eth,,64,p1,json,dns_message,binvec,1,0.2,dt,,496,4280,22482,5157,5956,56057,0.8760429215187614,0.7905619241859484,0.8134158254640182,0.801826060595253
oscore,eth,,64,p1,json,dns_message,binvec,1,0.2,dt,,504,4280,22345,5347,6062,55898,0.8727412662294204,0.786601893899391,0.8069117434638162,0.7966273908625823
oscore,eth,,64,p1,json,dns_message,binvec,1,0.2,dt,,512,4280,22258,5380,6145,55869,0.8714473742917057,0.7836496144773439,0.8053404732614516,0.7943469959493942
oscore,eth,,64,p1,json,dns_message,binvec,1,0.2,dt,,520,4280,22545,5241,6142,55724,0.873031276491322,0.7858960504758253,0.8113798315698553,0.7984346501868149
oscore,eth,,64,p1,json,dns_message,binvec,1,0.2,dt,,528,4280,22382,5330,6130,55810,0.8721723999464597,0.7850028058361391,0.8076645496535797,0.796172453044963
oscore,eth,,64,p1,json,dns_message,binvec,1,0.2,dt,,536,4280,22165,5300,6133,56054,0.8724735644492035,0.7832709025372818,0.8070271254323684,0.794971576134713
oscore,eth,,64,p1,json,dns_message,binvec,1,0.2,dt,,544,4280,22494,5228,6296,55634,0.8714585285325481,0.781312955887461,0.8114133179424284,0.7960787089467724
oscore,eth,,64,p1,json,dns_message,binvec,1,0.2,dt,,552,4280,22308,5271,6289,55784,0.8710569758622229,0.7800818267650453,0.8088763189383227,0.7942181714611222
oscore,eth,,64,p1,json,dns_message,binvec,1,0.2,dt,,560,4280,22507,5269,6241,55635,0.8716146879043413,0.7829066369834423,0.8103038594470046,0.7963696836741915
oscore,eth,,64,p1,json,dns_message,binvec,1,0.2,dt,,568,4280,22272,5321,6284,55775,0.8705550350243162,0.7799411682308447,0.8071612365455006,0.7933177794795989
oscore,eth,,64,p1,json,dns_message,binvec,1,0.2,dt,,576,4280,22341,5326,6320,55665,0.8700977111497792,0.7794912947908308,0.8074962952253587,0.7932466979122283
oscore,eth,,64,p1,json,dns_message,binvec,1,0.2,dt,,584,4280,22554,5241,6244,55613,0.8718935439254004,0.7831793874574623,0.8114409066378845,0.7970597070309049
oscore,eth,,64,p1,json,dns_message,binvec,1,0.2,dt,,592,4280,22414,5276,6284,55678,0.8710569758622229,0.7810300369363719,0.8094618996027447,0.7949918422359368
oscore,eth,,64,p1,json,dns_message,binvec,1,0.2,dt,,600,4280,22424,5365,6289,55574,0.8700084772230402,0.7809702922021384,0.8069379970491921,0.793741814449046
oscore,eth,,64,p1,json,dns_message,binvec,1,0.2,dt,,608,4280,22392,5314,6287,55659,0.8705996519876857,0.780780361937306,0.8082003898072619,0.7942537909018356
oscore,eth,,64,p1,json,dns_message,binvec,1,0.2,dt,,616,4280,22123,5455,6473,55601,0.8669522152322313,0.7736396698838999,0.802197403727609,0.7876597714245024
oscore,eth,,64,p1,json,dns_message,binvec,1,0.2,dt,,624,4280,22445,5321,6375,55511,0.8695399991076608,0.7787994448299792,0.808362745804221,0.7933057646767752
oscore,eth,,64,p1,json,dns_message,binvec,1,0.2,dt,,632,4280,22384,5294,6431,55543,0.8692165261232321,0.77681762970675,0.80872895440422,0.7924521622147876
oscore,eth,,64,p1,json,dns_message,binvec,1,0.2,dt,,640,4280,22228,5275,6373,55776,0.8700754026680944,0.777175623229957,0.808202741519107,0.7923855696563525
oscore,eth,,64,p1,json,dns_message,binvec,1,0.2,dt,,648,4280,22231,5490,6248,55683,0.8690715209922812,0.7806102742371572,0.8019551964214855,0.7911387900355872
oscore,eth,,64,p1,json,dns_message,binvec,1,0.2,dt,,656,4280,22349,5360,6229,55714,0.8707335028777942,0.7820351319196585,0.8065610451477859,0.7941087640130048
oscore,eth,,64,p1,json,dns_message,binvec,1,0.2,dt,,664,4280,22230,5321,6356,55745,0.8697519296836658,0.7776533967676486,0.8068672643461218,0.7919910219641235
oscore,eth,,64,p1,json,dns_message,binvec,1,0.2,dt,,672,4280,22230,5300,6373,55749,0.8697965466470352,0.7771912037198895,0.8074827460951689,0.7920474587141254
oscore,eth,,64,p1,json,dns_message,binvec,1,0.2,dt,,680,4280,22406,5177,6394,55675,0.8709342792129567,0.7779861111111112,0.8123119312620092,0.7947785680080875
oscore,eth,,64,p1,json,dns_message,binvec,1,0.2,dt,,688,4280,22384,5288,6405,55575,0.8695734618301878,0.7775191913578102,0.8089043076033535,0.7929012946989957
oscore,eth,,64,p1,json,dns_message,binvec,1,0.2,dt,,696,4280,22495,5313,6306,55538,0.870398875652523,0.7810492691225999,0.8089398734177216,0.7947499514211521
oscore,eth,,64,p1,json,dns_message,binvec,1,0.2,dt,,704,4280,22255,5503,6430,55464,0.8668964440280195,0.7758410318982046,0.8017508466027812,0.7885831724040182
oscore,eth,,64,p1,json,dns_message,binvec,1,0.2,dt,,712,4280,22534,5455,6222,55441,0.8697519296836658,0.7836277646404228,0.8051020043588553,0.7942197550444973
oscore,eth,,64,p1,json,dns_message,binvec,1,0.2,dt,,720,4280,22262,5236,6393,55761,0.8702873332440995,0.7768975745943116,0.809586151720125,0.7929050985699785
oscore,eth,,64,p1,json,dns_message,binvec,1,0.2,dt,,728,4280,22138,5204,6463,55847,0.8698634720920894,0.7740288801090871,0.8096701046009802,0.7914484385892784
oscore,eth,,64,p1,json,dns_message,binvec,1,0.2,dt,,736,4280,22106,5295,6450,55801,0.8689934413063847,0.7741280291357333,0.806758877413233,0.7901066890648176
oscore,eth,,64,p1,json,dns_message,binvec,1,0.2,dt,,744,4280,22406,5494,6338,55414,0.8680230223530987,0.7795018090731979,0.8030824372759857,0.7911164465786314
oscore,eth,,64,p1,json,dns_message,binvec,1,0.2,dt,,752,4280,22274,5395,6338,55645,0.8691272921964931,0.7784845519362505,0.8050164443962557,0.7915282244451947
oscore,eth,,64,p1,json,dns_message,binvec,1,0.2,dt,,760,4280,22215,5344,6362,55731,0.8694284566992371,0.777373412184624,0.8060887550346529,0.7914707139803335
oscore,eth,,64,p1,json,dns_message,binvec,1,0.2,dt,,768,4280,22195,5385,6357,55715,0.8690269040289118,0.7773536004483048,0.8047498187092096,0.7908145086581629
oscore,eth,,64,p1,json,dns_message,binvec,1,0.2,dt,,776,4280,22395,5370,6405,55482,0.8686588140811137,0.7776041666666667,0.8065910318746623,0.7918324051975604
oscore,eth,,64,p1,json,dns_message,binvec,1,0.2,dt,,784,4280,22501,5330,6205,55616,0.871335831883282,0.7838430990036926,0.8084869390248284,0.7959743177034508
oscore,eth,,64,p1,json,dns_message,binvec,1,0.2,dt,,792,4280,22208,5457,6321,55666,0.8686253513585865,0.7784359774264783,0.8027471534429785,0.7904046695376731
oscore,eth,,64,p1,json,dns_message,binvec,1,0.2,dt,,800,4280,22293,5267,6201,55891,0.8720831660197207,0.7823752368919773,0.80888969521045,0.7954115674171335
oscore,eth,,64,p1,json,dns_message,binvec,1,0.2,dt,,808,4280,22277,5461,6217,55697,0.8697407754428234,0.7818137151681056,0.8031220708053933,0.7923246550007114
oscore,eth,,64,p1,json,dns_message,binvec,1,0.2,dt,,816,4280,22396,5399,6242,55615,0.870153482353991,0.7820378518052936,0.8057564310127721,0.7937199865327025
oscore,eth,,64,p1,json,dns_message,binvec,1,0.2,dt,,824,4280,22358,5353,6351,55590,0.8694507651809218,0.7787801734647671,0.8068276135830537,0.7925558312655087
oscore,eth,,64,p1,json,dns_message,binvec,1,0.2,dt,,832,4280,22250,5341,6273,55788,0.8704546468567349,0.7800722224169968,0.8064223841107607,0.79302847774174
oscore,eth,,64,p1,json,dns_message,binvec,1,0.2,dt,,840,4280,22266,5449,6397,55540,0.8678668629813054,0.7768202909674493,0.803391665163269,0.7898825783106885
oscore,eth,,64,p1,json,dns_message,binvec,1,0.2,dt,,848,4280,22265,5311,6345,55731,0.8699861687413555,0.7782243970639636,0.8074049898462431,0.7925461858826042
oscore,eth,,64,p1,json,dns_message,binvec,1,0.2,dt,,856,4280,22146,5445,6350,55711,0.8684357292642663,0.7771617069062324,0.8026530390344677,0.7897017134095244
oscore,eth,,64,p1,json,dns_message,binvec,1,0.2,dt,,864,4280,22361,5274,6458,55559,0.8691384464373355,0.7759117249037094,0.8091550569929438,0.7921847876146951
oscore,eth,,64,p1,json,dns_message,binvec,1,0.2,dt,,872,4280,22483,5352,6304,55513,0.8699861687413555,0.7810122624795914,0.8077240883779414,0.794143619087987
oscore,eth,,64,p1,json,dns_message,binvec,1,0.2,dt,,880,4280,22354,5366,6406,55526,0.8686922768036407,0.777260083449235,0.8064213564213564,0.7915722379603399
oscore,eth,,64,p1,json,dns_message,binvec,1,0.2,dt,,888,4280,22435,5400,6429,55388,0.8680564850756257,0.777265798226164,0.8059996407400755,0.7913719818691688
oscore,eth,,64,p1,json,dns_message,binvec,1,0.2,dt,,896,4280,22243,5487,6129,55793,0.8704323383750502,0.7839771605808543,0.8021276595744681,0.7929485579836726
oscore,eth,,64,p1,json,dns_message,binvec,1,0.2,dt,,904,4280,22398,5380,6270,55604,0.8700530941864096,0.7812892423608204,0.8063215494276046,0.7936080501718457
oscore,eth,,64,p1,json,dns_message,binvec,1,0.2,dt,,912,4280,22294,5319,6354,55685,0.8697965466470352,0.7782044121753701,0.8073733386448412,0.7925205737544658
oscore,eth,,64,p1,json,dns_message,binvec,1,0.2,dt,,920,4280,22412,5383,6402,55455,0.86854727167269,0.7778163392795169,0.8063320741140493,0.7918175555123743
oscore,eth,,64,p1,json,dns_message,binvec,1,0.2,dt,,928,4280,22467,5333,6316,55536,0.870064248427252,0.7805649167911615,0.8081654676258992,0.7941254440379619
oscore,eth,,64,p1,json,dns_message,binvec,1,0.2,dt,,936,4280,22539,5296,6392,55425,0.8696292330343997,0.7790605233140921,0.8097359439554518,0.7941021033717366
oscore,eth,,64,p1,json,dns_message,binvec,1,0.2,dt,,944,4280,22313,5364,6284,55691,0.8700754026680944,0.7802566702800993,0.806192867724103,0.7930127590006042
oscore,eth,,64,p1,json,dns_message,binvec,1,0.2,dt,,952,4280,22581,5284,6326,55461,0.8704992638201045,0.7811602725983325,0.8103714336981876,0.7954977805960685
oscore,eth,,64,p1,json,dns_message,binvec,1,0.2,dt,,960,4280,22258,5436,6193,55765,0.8702873332440995,0.7823275104565744,0.8037119953780603,0.7928755899902039
oscore,eth,,64,p1,json,dns_message,binvec,1,0.2,dt,,968,4280,22356,5423,6302,55571,0.8692165261232321,0.7800963081861958,0.8047805896540552,0.7922462214504669
oscore,eth,,64,p1,json,dns_message,binvec,1,0.2,dt,,976,4280,22394,5459,6156,55643,0.8704434926158926,0.7843782837127846,0.8040067497217535,0.7940712373455313
oscore,eth,,64,p1,json,dns_message,binvec,1,0.2,dt,,984,4280,22401,5279,6460,55512,0.8690603667514389,0.7761685319289006,0.8092846820809249,0.7923807502520295
oscore,eth,,64,p1,json,dns_message,binvec,1,0.2,dt,,992,4280,22471,5227,6364,55590,0.8707111943961094,0.7792959944511878,0.8112860134305726,0.794969309960554
oscore,eth,,64,p1,json,dns_message,binvec,1,0.2,dt,,1000,4280,22149,5353,6403,55747,0.8688707446571187,0.7757425049033343,0.8053596102101666,0.7902736646804867
oscore,eth,,64,p1,json,dns_message,binvec,1,0.2,dt,,1008,4280,22329,5398,6370,55555,0.8687368937670102,0.7780410467263668,0.8053161178634544,0.7914436607237798
oscore,eth,,64,p1,json,dns_message,binvec,1,0.2,dt,,1016,4280,22194,5441,6458,55559,0.86727568821666,0.7746056121736703,0.8031119956576804,0.7886012756053796
oscore,eth,,64,p1,json,dns_message,binvec,1,0.2,dt,,1024,4280,22325,5390,6318,55619,0.8694061482175524,0.779422546520965,0.8055204762763847,0.7922566450193407
oscore,eth,,64,p1,json,dns_message,binvec,1,0.2,dt,,1032,4280,22197,5238,6391,55826,0.8702873332440995,0.7764446620959843,0.8090759978130125,0.7924245399211038
oscore,eth,,64,p1,json,dns_message,binvec,1,0.2,dt,,1040,4280,22333,5388,6347,55584,0.8691049837148084,0.7786959553695956,0.8056347173622885,0.7919363131859364
oscore,eth,,64,p1,json,dns_message,binvec,1,0.2,dt,,1048,4280,22373,5328,6486,55465,0.8682237986882613,0.7752520877369278,0.807660373271723,0.7911244695898161
oscore,eth,,64,p1,json,dns_message,binvec,1,0.2,dt,,1056,4280,22350,5312,6392,55598,0.8694507651809218,0.7776076821376383,0.8079676089942882,0.7924969860293596
oscore,eth,,64,p1,json,dns_message,binvec,1,0.2,dt,,1064,4280,22128,5460,6406,55658,0.8676437781644581,0.7754958996285134,0.8020878642888212,0.7885677630875593
oscore,eth,,64,p1,json,dns_message,binvec,1,0.2,dt,,1072,4280,22539,5292,6318,55503,0.8704992638201045,0.7810583220709013,0.8098523229492293,0.7951947502116851
oscore,eth,,64,p1,json,dns_message,binvec,1,0.2,dt,,1080,4280,22241,5405,6455,55551,0.8677107036095123,0.7750557568999163,0.8044925124792013,0.7894998402612616
oscore,eth,,64,p1,json,dns_message,binvec,1,0.2,dt,,1088,4280,22376,5402,6408,55466,0.8682684156516307,0.7773763201778766,0.8055295557635539,0.7912025741664015
oscore,eth,,64,p1,json,dns_message,binvec,1,0.2,dt,,1096,4280,22393,5352,6354,55553,0.8694284566992371,0.7789682401641911,0.8071003784465669,0.7927848190894285
oscore,eth,,64,p1,json,dns_message,binvec,1,0.2,dt,,1104,4280,22388,5345,6388,55531,0.8691272921964931,0.778009452321379,0.807269318140843,0.7923693570935603
oscore,eth,,64,p1,json,dns_message,binvec,1,0.2,dt,,1112,4280,22211,5403,6371,55667,0.868669968321956,0.7770974739346442,0.8043383790830738,0.7904833084205282
oscore,eth,,64,p1,json,dns_message,binvec,1,0.2,dt,,1120,4280,22268,5362,6418,55604,0.8686030428769018,0.7762671686536987,0.8059355772710821,0.7908232118758435
oscore,eth,,64,p1,json,dns_message,binvec,1,0.2,dt,,1128,4280,22335,5364,6384,55569,0.8689599785838575,0.7777081374699676,0.8063467995234485,0.7917685844943103
oscore,eth,,64,p1,json,dns_message,binvec,1,0.2,dt,,1136,4280,22185,5287,6467,55713,0.8688930531388034,0.7742914979757085,0.807549504950495,0.7905708787684413
oscore,eth,,64,p1,json,dns_message,binvec,1,0.2,dt,,1144,4280,22224,5452,6351,55625,0.8683464953375273,0.7777427821522309,0.8030062147709206,0.7901726191534373
oscore,eth,,64,p1,json,dns_message,binvec,1,0.2,dt,,1152,4280,22272,5320,6362,55698,0.8696961584794539,0.7778165816861075,0.8071904899971006,0.7922313520435386
oscore,eth,,64,p1,json,dns_message,binvec,1,0.2,dt,,1160,4280,22349,5274,6190,55839,0.8721277829830901,0.7831038228389222,0.809072150019911,0.7958762152345003
oscore,eth,,64,p1,json,dns_message,binvec,1,0.2,dt,,1168,4280,22306,5418,6225,55703,0.8701311738723062,0.7818162700220812,0.8045736545952965,0.7930317305128433
oscore,eth,,64,p1,json,dns_message,binvec,1,0.2,dt,,1176,4280,22186,5371,6278,55817,0.870064248427252,0.7794406970207982,0.8050948942192546,0.7920601203120259
oscore,eth,,64,p1,json,dns_message,binvec,1,0.2,dt,,1184,4280,22222,5320,6410,55700,0.8691607549190202,0.7761246158144733,0.8068404618400987,0.7911845337700716
oscore,eth,,64,p1,json,dns_message,binvec,1,0.2,dt,,1192,4280,22246,5383,6452,55571,0.8679895596305716,0.7751759704509025,0.8051684823916899,0.7898876205017132
oscore,eth,,64,p1,json,dns_message,binvec,1,0.2,dt,,1200,4280,22178,5389,6277,55808,0.8698746263329318,0.7794060797750835,0.8045126419269416,0.7917603798507729
oscore,eth,,64,p1,json,dns_message,binvec,1,0.2,dt,,1208,4280,22350,5302,6435,55565,0.8690826752331237,0.7764460656591975,0.808259800376103,0.7920335949820153
oscore,eth,,64,p1,json,dns_message,binvec,1,0.2,dt,,1216,4280,22445,5278,6398,55531,0.8697630839245081,0.7781784141732829,0.8096165638639397,0.7935862532263197
oscore,eth,,64,p1,json,dns_message,binvec,1,0.2,dt,,1224,4280,22224,5442,6248,55738,0.8696069245527149,0.7805563360494521,0.8032964649750597,0.791763155082119
oscore,eth,,64,p1,json,dns_message,binvec,1,0.2,dt,,1232,4280,22336,5348,6430,55538,0.8686253513585865,0.7764722241535146,0.8068198237248952,0.7913551815766164
oscore,eth,,64,p1,json,dns_message,binvec,1,0.2,dt,,1240,4280,22295,5340,6277,55740,0.8704211841342078,0.7803093938121237,0.806766781255654,0.7933175583112424
oscore,eth,,64,p1,json,dns_message,binvec,1,0.2,dt,,1248,4280,22208,5469,6504,55471,0.8664502743943248,0.7734745054332683,0.8023991039491274,0.787671354342159
oscore,eth,,64,p1,json,dns_message,binvec,1,0.2,dt,,1256,4280,22360,5349,6508,55435,0.8677441663320394,0.77456006650963,0.8069580280775199,0.7904272054014883
oscore,eth,,64,p1,json,dns_message,binvec,1,0.2,dt,,1264,4280,22298,5348,6378,55628,0.8692053718823897,0.7775840424047984,0.8065542935686899,0.7918042683143355
oscore,eth,,64,p1,json,dns_message,binvec,1,0.2,dt,,1272,4280,22278,5367,6516,55491,0.8674541560701379,0.7737028547614087,0.805860010851872,0.7894541008876841
oscore,eth,,64,p1,json,dns_message,binvec,1,0.2,dt,,1280,4280,22232,5320,6361,55739,0.8697073127202962,0.777532962613227,0.806910569105691,0.7919494166889305
oscore,eth,,64,p1,json,dns_message,binvec,1,0.2,dt,,1288,4280,22199,5337,6315,55801,0.8700307857047249,0.7785298449884267,0.8061809994189425,0.7921141837644959
oscore,eth,,64,p1,json,dns_message,binvec,1,0.2,dt,,1296,4280,22320,5460,6503,55369,0.8665618168027484,0.7743815702737398,0.8034557235421166,0.7886507782273025
oscore,eth,,64,p1,json,dns_message,binvec,1,0.2,dt,,1304,4280,22298,5317,6469,55568,0.8685361174318476,0.7751242743421282,0.8074597139235923,0.7909616544287184
oscore,eth,,64,p1,json,dns_message,binvec,1,0.2,dt,,1312,4280,22304,5461,6459,55428,0.8670414491589702,0.7754406703056009,0.8033135242211418,0.7891310500990659
oscore,eth,,64,p1,json,dns_message,binvec,1,0.2,dt,,1320,4280,22348,5391,6301,55612,0.8695846160710302,0.7800621313134839,0.805652691156855,0.7926509186351706
oscore,eth,,64,p1,json,dns_message,binvec,1,0.2,dt,,1328,4280,22435,5397,6458,55362,0.8677664748137242,0.7764856539646281,0.8060865191146881,0.7910092551784927
oscore,eth,,64,p1,json,dns_message,binvec,1,0.2,dt,,1336,4280,22205,5438,6327,55682,0.8687703564895374,0.7782489835973644,0.8032775024418478,0.7905651980418336
oscore,eth,,64,p1,json,dns_message,binvec,1,0.2,dt,,1344,4280,22378,5532,6199,55543,0.8691496006781778,0.7830772999265143,0.8017914725904693,0.7923238975339458
oscore,eth,,64,p1,json,dns_message,binvec,1,0.2,dt,,1352,4280,22614,5316,6383,55339,0.8695065363851336,0.7798737800462117,0.8096670247046187,0.794491190472008
oscore,eth,,64,p1,json,dns_message,binvec,1,0.2,dt,,1360,4280,22139,5458,6526,55529,0.8663275777450586,0.7723356009070295,0.8022248795158894,0.7869965518467171
oscore,eth,,64,p1,json,dns_message,binvec,1,0.2,dt,,1368,4280,22264,5320,6391,55677,0.8693726854950252,0.7769673704414587,0.8071345707656613,0.791763722683547
oscore,eth,,64,p1,json,dns_message,binvec,1,0.2,dt,,1376,4280,22279,5388,6434,55551,0.8681345647615223,0.7759203148399679,0.8052553583691763,0.7903157147924796
oscore,eth,,64,p1,json,dns_message,binvec,1,0.2,dt,,1384,4280,22012,5511,6396,55733,0.867186454289921,0.774852154322726,0.7997674672092432,0.7871126924245946
oscore,eth,,64,p1,json,dns_message,binvec,1,0.2,dt,,1392,4280,22295,5404,6274,55679,0.8697407754428234,0.7803913332633274,0.804902704068739,0.7924575247032061
oscore,eth,,64,p1,json,dns_message,binvec,1,0.2,dt,,1400,4280,22296,5370,6362,55624,0.8691384464373355,0.7780026519645474,0.8058989373237909,0.79170513457851
oscore,eth,,64,p1,json,dns_message,binvec,1,0.2,dt,,1408,4280,22439,5360,6296,55557,0.8699861687413555,0.7808943796763529,0.8071873088960034,0.7938231860473344
oscore,eth,,64,p1,json,dns_message,binvec,1,0.2,dt,,1416,4280,22273,5255,6479,55645,0.8691161379556508,0.7746591541457986,0.8091034582970067,0.7915067519545131
oscore,eth,,64,p1,json,dns_message,binvec,1,0.2,dt,,1424,4280,22324,5464,6479,55385,0.8667849016195958,0.7750581536645488,0.8033683604433568,0.7889593751656624
oscore,eth,,64,p1,json,dns_message,binvec,1,0.2,dt,,1432,4280,22316,5368,6300,55668,0.8698523178512471,0.7798434442270059,0.8060973847709868,0.792753108348135
oscore,eth,,64,p1,json,dns_message,binvec,1,0.2,dt,,1440,4280,22261,5279,6367,55745,0.8700977111497792,0.777595361184854,0.8083151779230211,0.7926577410625267
oscore,eth,,64,p1,json,dns_message,binvec,1,0.2,dt,,1448,4280,22029,5512,6325,55786,0.8679672511488868,0.7769274176483036,0.7998620238916524,0.7882279273638071
oscore,eth,,64,p1,json,dns_message,binvec,1,0.2,dt,,1456,4280,22552,5289,6506,55305,0.8684357292642663,0.7761029664808314,0.8100283754175497,0.7927028594527145
oscore,eth,,64,p1,json,dns_message,binvec,1,0.2,dt,,1464,4280,22313,5292,6407,55640,0.8695065363851336,0.7769150417827299,0.8082955986234378,0.792294718153573
oscore,eth,,64,p1,json,dns_message,binvec,1,0.2,dt,,1472,4280,22164,5345,6430,55713,0.8686588140811137,0.7751276491571658,0.8056999527427388,0.7901181754986364
oscore,eth,,64,p1,json,dns_message,binvec,1,0.2,dt,,1480,4280,22404,5307,6409,55532,0.8693169142908134,0.7775656821573596,0.808487604200498,0.7927252140683604
oscore,eth,,64,p1,json,dns_message,binvec,1,0.2,dt,,1488,4280,22313,5484,6506,55349,0.8662606523000045,0.774246157049169,0.8027125229341295,0.7882224106259714
oscore,eth,,64,p1,json,dns_message,binvec,1,0.2,dt,,1496,4280,22125,5417,6488,55622,0.8672087627716057,0.7732499213644147,0.8033185680052284,0.7879975069005432
oscore,eth,,64,p1,json,dns_message,binvec,1,0.2,dt,,1504,4280,22342,5224,6453,55633,0.8697519296836658,0.775898593505817,0.8104911847928608,0.792817728571175
oscore,eth,,64,p1,json,dns_message,binvec,1,0.2,dt,,1512,4280,22452,5387,6353,55460,0.8690492125105965,0.7794480124978302,0.8064944861525198,0.7927406256620295
oscore,eth,,64,p1,json,dns_message,binvec,1,0.2,dt,,1520,4280,22310,5257,6348,55737,0.8705550350243162,0.7784911717495987,0.8093009758044039,0.7935971542907959
oscore,eth,,64,p1,json,dns_message,binvec,1,0.2,dt,,1528,4280,22635,5367,6473,55177,0.8679337884263597,0.7776212725024049,0.8083351189200771,0.7926807914550866
oscore,eth,,64,p1,json,dns_message,binvec,1,0.2,dt,,1536,4280,22332,5361,6524,55435,0.8674318475884532,0.7739118380925978,0.8064131730040083,0.789828290509116
oscore,eth,,64,p1,json,dns_message,binvec,1,0.2,dt,,1544,4280,22373,5428,6601,55250,0.8658256369071521,0.772175053496238,0.8047552246322075,0.7881285777190665
oscore,eth,,64,p1,json,dns_message,binvec,1,0.2,dt,,1552,4280,22265,5342,6408,55637,0.8689376701021728,0.7765144909845499,0.80649835186728,0.7912224591329069
oscore,eth,,64,p1,json,dns_message,binvec,1,0.2,dt,,1560,4280,22355,5358,6495,55444,0.8677887832954089,0.7748700173310226,0.8066611337639376,0.7904460513056238
oscore,eth,,64,p1,json,dns_message,binvec,1,0.2,dt,,1568,4280,22459,5384,6437,55372,0.8681457190023647,0.7772356035437431,0.8066300326832597,0.7916600574560708
oscore,eth,,64,p1,json,dns_message,binvec,1,0.2,dt,,1576,4280,22130,5454,6348,55720,0.8683576495783697,0.7770910878572933,0.8022766821345708,0.7894830723127966
oscore,eth,,64,p1,json,dns_message,binvec,1,0.2,dt,,1584,4280,22513,5446,6301,55392,0.8689711328247,0.7813215797876032,0.8052147787832182,0.7930882637873637
oscore,eth,,64,p1,json,dns_message,binvec,1,0.2,dt,,1592,4280,22216,5435,6301,55700,0.869093829473966,0.7790440789704387,0.8034429134570178,0.7910554052129326
oscore,eth,,64,p1,json,dns_message,binvec,1,0.2,dt,,1600,4280,22331,5419,6325,55577,0.8690045955472271,0.7792783361250698,0.8047207207207208,0.7917951990922951
oscore,eth,,64,p1,json,dns_message,binvec,1,0.2,dt,,1608,4280,22399,5326,6535,55392,0.86769954936867,0.7741411488214557,0.8078990081154193,0.7906599128117333
oscore,eth,,64,p1,json,dns_message,binvec,1,0.2,dt,,1616,4280,22376,5325,6393,55558,0.8692946058091287,0.7777816399596789,0.8077686726110971,0.7924915884540464
oscore,eth,,64,p1,json,dns_message,binvec,1,0.2,dt,,1624,4280,22239,5282,6400,55731,0.8696961584794539,0.7765285100736757,0.8080738345263617,0.7919871794871794
oscore,eth,,64,p1,json,dns_message,binvec,1,0.2,dt,,1632,4280,22280,5375,6392,55605,0.8687480480078525,0.7770647321428571,0.805640932923522,0.7910948568182221
oscore,eth,,64,p1,json,dns_message,binvec,1,0.2,dt,,1640,4280,22422,5489,6282,55459,0.8687034310444831,0.7811454849498328,0.8033391852674573,0.7920869027642851
oscore,eth,,64,p1,json,dns_message,binvec,1,0.2,dt,,1648,4280,22475,5215,6376,55586,0.8707111943961094,0.7790024609198988,0.8116648609606356,0.7949983198033286
oscore,eth,,64,p1,json,dns_message,binvec,1,0.2,dt,,1656,4280,22286,5292,6344,55730,0.8702092535582028,0.7784142507858889,0.8081079121038509,0.7929832052376886
oscore,eth,,64,p1,json,dns_message,binvec,1,0.2,dt,,1664,4280,22321,5516,6275,55540,0.8684803462276357,0.7805637152049237,0.8018464633401587,0.7910619672886432
oscore,eth,,64,p1,json,dns_message,binvec,1,0.2,dt,,1672,4280,22302,5360,6342,55648,0.8694730736626065,0.7785923753665689,0.8062323765454414,0.7921713494121408
oscore,eth,,64,p1,json,dns_message,binvec,1,0.2,dt,,1680,4280,22234,5298,6369,55751,0.8698634720920894,0.7773310491906443,0.8075693738195554,0.7921617529170749
oscore,eth,,64,p1,json,dns_message,binvec,1,0.2,dt,,1688,4280,22290,5269,6514,55579,0.8685695801543747,0.7738508540480489,0.8088101890489495,0.7909444138885439
oscore,eth,,64,p1,json,dns_message,binvec,1,0.2,dt,,1696,4280,22318,5427,6405,55502,0.8680230223530987,0.777007972704801,0.8043971886826455,0.7904653963306651
oscore,eth,,64,p1,json,dns_message,binvec,1,0.2,dt,,1704,4280,22193,5324,6536,55599,0.8677107036095123,0.7724946917748616,0.8065196060617074,0.7891405611065676
oscore,eth,,64,p1,json,dns_message,binvec,1,0.2,dt,,1712,4280,22247,5418,6491,55496,0.8671641458082363,0.7741318115387292,0.8041568769202964,0.7888587486481216
oscore,eth,,64,p1,json,dns_message,binvec,1,0.2,dt,,1720,4280,22077,5397,6483,55695,0.867487618792665,0.7730042016806723,0.8035597291985149,0.7879858657243817
oscore,eth,,64,p1,json,dns_message,binvec,1,0.2,dt,,1728,4280,22413,5434,6371,55434,0.8683241868558426,0.7786617565314063,0.8048622831902899,0.7915452667267044
oscore,eth,,64,p1,json,dns_message,binvec,1,0.2,dt,,1736,4280,22277,5397,6461,55517,0.867733012091197,0.7751757255202172,0.804979403049794,0.7897964971991774
oscore,eth,,64,p1,json,dns_message,binvec,1,0.2,dt,,1744,4280,22173,5427,6358,55694,0.86854727167269,0.7771546738635169,0.8033695652173913,0.7900447168231458
oscore,eth,,64,p1,json,dns_message,binvec,1,0.2,dt,,1752,4280,22252,5467,6538,55395,0.8660933386873689,0.7729072594650921,0.8027706627223204,0.7875559645366225
oscore,eth,,64,p1,json,dns_message,binvec,1,0.2,dt,,1760,4280,22283,5287,6433,55649,0.8692722973274439,0.7759785485443655,0.808233587232499,0.7917777067121486
oscore,eth,,64,p1,json,dns_message,binvec,1,0.2,dt,,1768,4280,22237,5427,6376,55612,0.8683464953375273,0.7771642260510957,0.8038244650086755,0.7902695595003287
oscore,eth,,64,p1,json,dns_message,binvec,1,0.2,dt,,1776,4280,22138,5403,6403,55708,0.8683130326150003,0.7756560737185102,0.8038197596310954,0.7894868228665168
oscore,eth,,64,p1,json,dns_message,binvec,1,0.2,dt,,1784,4280,22319,5306,6548,55479,0.8677776290545666,0.7731665916097966,0.8079276018099547,0.7901649791120867
oscore,eth,,64,p1,json,dns_message,binvec,1,0.2,dt,,1792,4280,22485,5484,6344,55339,0.8680676393164681,0.7799438065836484,0.80392577496514,0.7917532307475615
oscore,eth,,64,p1,json,dns_message,binvec,1,0.2,dt,,1800,4280,22302,5305,6364,55681,0.8698411636104046,0.7779948370892347,0.8078385916615352,0.7926358999875607
oscore,eth,,64,p1,json,dns_message,binvec,1,0.2,dt,,1808,4280,22268,5364,6431,55589,0.8684357292642663,0.7759155371267291,0.805877243775333,0.7906126289254585
oscore,eth,,64,p1,json,dns_message,binvec,1,0.2,dt,,1816,4280,22095,5438,6278,55841,0.8693169142908134,0.7787333027878617,0.80249155558784,0.7904339426895145
oscore,eth,,64,p1,json,dns_message,binvec,1,0.2,dt,,1824,4280,22274,5239,6500,55639,0.8690603667514389,0.77410161951762,0.8095809253807291,0.7914438502673797
oscore,eth,,64,p1,json,dns_message,binvec,1,0.2,dt,,1832,4280,22380,5351,6576,55345,0.8669633694730736,0.7728968089515127,0.8070390537665428,0.7895990262317639
oscore,eth,,64,p1,json,dns_message,binvec,1,0.2,dt,,1840,4280,22377,5426,6501,55348,0.8669633694730736,0.7748805318927904,0.8048412041865985,0.7895767541151356
oscore,eth,,64,p1,json,dns_message,binvec,1,0.2,dt,,1848,4280,22476,5364,6378,55434,0.8690269040289118,0.7789561239342899,0.8073275862068966,0.7928881363107207
oscore,eth,,64,p1,json,dns_message,binvec,1,0.2,dt,,1856,4280,22430,5421,6532,55269,0.8666733592111721,0.7744630895656377,0.8053570787404402,0.7896080122507173
oscore,eth,,64,p1,json,dns_message,binvec,1,0.2,dt,,1864,4280,22645,5385,6508,55114,0.8673426136617142,0.7767639694028059,0.8078844095611845,0.7920186069286327
oscore,eth,,64,p1,json,dns_message,binvec,1,0.2,dt,,1872,4280,22396,5334,6355,55567,0.8696180787935573,0.7789642099405238,0.8076451496574107,0.7930454489120236
oscore,eth,,64,p1,json,dns_message,binvec,1,0.2,dt,,1880,4280,22204,5515,6330,55603,0.8678780172221479,0.7781593887993271,0.8010389985208701,0.7894334524380922
oscore,eth,,64,p1,json,dns_message,binvec,1,0.2,dt,,1888,4280,22408,5404,6209,55631,0.8704658010975773,0.7830310654506063,0.8056953832877894,0.7942015630261036
oscore,eth,,64,p1,json,dns_message,binvec,1,0.2,dt,,1896,4280,22316,5293,6407,55636,0.8694953821442912,0.7769383420951851,0.8082871527400486,0.7923027763970745
oscore,eth,,64,p1,json,dns_message,binvec,1,0.2,dt,,1904,4280,22301,5351,6536,55464,0.8674095391067684,0.7733467420328051,0.8064877766526833,0.7895696507284604
oscore,eth,,64,p1,json,dns_message,binvec,1,0.2,dt,,1912,4280,22350,5349,6506,55447,0.8677664748137242,0.7745356251732742,0.8068883353189645,0.790381045000442
oscore,eth,,64,p1,json,dns_message,binvec,1,0.2,dt,,1920,4280,22335,5399,6255,55663,0.8700084772230402,0.7812172088142707,0.8053291988173361,0.7930899794048718
oscore,eth,,64,p1,json,dns_message,binvec,1,0.2,dt,,1928,4280,22198,5404,6316,55734,0.8692722973274439,0.7784947744967384,0.8042170857184262,0.7911469099722005
oscore,eth,,64,p1,json,dns_message,binvec,1,0.2,dt,,1936,4280,22179,5404,6355,55714,0.8688372819345915,0.77728324104577,0.8040822245586049,0.7904556551490636
oscore,eth,,64,p1,json,dns_message,binvec,1,0.2,dt,,1944,4280,22352,5267,6490,55543,0.8688595904162763,0.7749809305873379,0.809297947065426,0.7917677689024282
oscore,eth,,64,p1,json,dns_message,binvec,1,0.2,dt,,1952,4280,22452,5285,6229,55686,0.8715700709409717,0.782817893378892,0.809460287702347,0.7959161969584175
oscore,eth,,64,p1,json,dns_message,binvec,1,0.2,dt,,1960,4280,22409,5376,6213,55654,0.8707335028777942,0.7829292152889386,0.8065143062803671,0.7945467761093481
oscore,eth,,64,p1,json,dns_message,binvec,1,0.2,dt,,1968,4280,22425,5318,6412,55497,0.8691607549190202,0.777646773242709,0.8083120066323036,0.7926829268292683
oscore,eth,,64,p1,json,dns_message,binvec,1,0.2,dt,,1976,4280,22219,5331,6480,55622,0.8682572614107884,0.7742081605630858,0.806497277676951,0.7900229337410443
oscore,eth,,64,p1,json,dns_message,binvec,1,0.2,dt,,1984,4280,22234,5337,6442,55639,0.8686141971177441,0.7753522109080765,0.8064270429074027,0.7905843867228475
oscore,eth,,64,p1,json,dns_message,binvec,1,0.2,dt,,1992,4280,22330,5351,6317,55654,0.8698523178512471,0.7794882535693092,0.8066905097359199,0.7928561283908536
oscore,eth,,64,p1,json,dns_message,binvec,1,0.2,dt,,2000,4280,22290,5415,6344,55603,0.8688372819345915,0.7784452050010477,0.8045479155387114,0.7912813503967057
oscore,eth,,64,p1,json,dns_message,binvec,1,0.2,dt,,2008,4280,22114,5274,6380,55884,0.8700084772230402,0.7760932126061627,0.8074339126624799,0.7914534197058086
oscore,eth,,64,p1,json,dns_message,binvec,1,0.2,dt,,2016,4280,22480,5278,6462,55432,0.8690492125105965,0.7767258655241518,0.8098566179119533,0.7929453262786597
oscore,eth,,64,p1,json,dns_message,binvec,1,0.2,dt,,2024,4280,22585,5303,6517,55247,0.8681568732432071,0.7760635007903237,0.809846528973035,0.7925951921389718
oscore,eth,,64,p1,json,dns_message,binvec,1,0.2,dt,,2032,4280,22225,5307,6361,55759,0.8698523178512471,0.7774784859721542,0.8072424814761006,0.7920809722370719
oscore,eth,,64,p1,json,dns_message,binvec,1,0.2,dt,,2040,4280,22453,5376,6286,55537,0.8699192432963012,0.7812728348237586,0.8068202235078515,0.7938410408711639
oscore,eth,,64,p1,json,dns_message,binvec,1,0.2,dt,,2048,4280,22377,5247,6404,55624,0.8700419399455673,0.7774920954796567,0.8100564726324935,0.7934402978459356
oscore,eth,,64,p1,json,dns_message,binvec,1,0.2,dt,,2056,4280,22343,5473,6451,55385,0.8669968321956008,0.7759602695005904,0.8032427379925223,0.78936583642466
oscore,eth,,64,p1,json,dns_message,binvec,1,0.2,dt,,2064,4280,22135,5283,6433,55801,0.8693169142908134,0.7748179781573789,0.8073163615143336,0.7907333976351231
oscore,eth,,64,p1,json,dns_message,binvec,1,0.2,dt,,2072,4280,22442,5271,6278,55661,0.8711796725114889,0.7814066852367688,0.8098004546602677,0.7953502383357256
oscore,eth,,64,p1,json,dns_message,binvec,1,0.2,dt,,2080,4280,22126,5546,6495,55485,0.8656917860170437,0.773068725760805,0.7995808037004914,0.7861012914571972
oscore,eth,,64,p1,json,dns_message,binvec,1,0.2,dt,,2088,4280,22364,5305,6490,55493,0.8684357292642663,0.7750745130657795,0.8082691821171708,0.7913238858517772
oscore,eth,,64,p1,json,dns_message,binvec,1,0.2,dt,,2096,4280,22288,5374,6420,55570,0.8684468835051087,0.7763689563884631,0.8057262670811944,0.7907752350541067
oscore,eth,,64,p1,json,dns_message,binvec,1,0.2,dt,,2104,4280,22242,5533,6375,55502,0.8671753000490786,0.7772303176433588,0.8007920792079208,0.7888352957866364
oscore,eth,,64,p1,json,dns_message,binvec,1,0.2,dt,,2112,4280,22188,5502,6380,55582,0.8674653103109803,0.7766732007840941,0.8013001083423619,0.78879448256248
oscore,eth,,64,p1,json,dns_message,binvec,1,0.2,dt,,2120,4280,22125,5461,6340,55726,0.8683688038192121,0.7772703319866503,0.8020372652794896,0.7894595992935005
oscore,eth,,64,p1,json,dns_message,binvec,1,0.2,dt,,2128,4280,22361,5386,6286,55619,0.8698077008878776,0.7805703913149719,0.8058889249288211,0.7930276270525233
oscore,eth,,64,p1,json,dns_message,binvec,1,0.2,dt,,2136,4280,22127,5265,6467,55793,0.8691384464373355,0.7738336713995944,0.8077905957943925,0.7904476119029757
oscore,eth,,64,p1,json,dns_message,binvec,1,0.2,dt,,2144,4280,22391,5390,6474,55397,0.8676660866461429,0.7757145331716612,0.8059825060293005,0.7905589097200155
oscore,eth,,64,p1,json,dns_message,binvec,1,0.2,dt,,2152,4280,22256,5293,6404,55699,0.8695288448668184,0.7765526866713189,0.8078696141420741,0.7919016527602342
oscore,eth,,64,p1,json,dns_message,binvec,1,0.2,dt,,2160,4280,22518,5361,6476,55297,0.8679672511488868,0.776643443471063,0.8077047239857957,0.7918696042058622
oscore,eth,,64,p1,json,dns_message,binvec,1,0.2,dt,,2168,4280,22271,5339,6472,55570,0.8682572614107884,0.7748321330410882,0.8066280333212604,0.7904104484233315
oscore,eth,,64,p1,json,dns_message,binvec,1,0.2,dt,,2176,4280,22347,5403,6429,55473,0.8680230223530987,0.7765846538782318,0.8052972972972973,0.7906803948625412
oscore,eth,,64,p1,json,dns_message,binvec,1,0.2,dt,,2184,4280,22207,5329,6484,55632,0.8682349529291037,0.7740057857864836,0.80647152818129,0.7899052056841019
oscore,eth,,64,p1,json,dns_message,binvec,1,0.2,dt,,2192,4280,22446,5362,6406,55438,0.8687368937670102,0.7779703313461805,0.8071777905638665,0.7923049770561242
oscore,eth,,64,p1,json,dns_message,binvec,1,0.2,dt,,2200,4280,22341,5315,6417,55579,0.8691384464373355,0.7768620905487169,0.8078174717963552,0.7920374375155104
oscore,eth,,64,p1,json,dns_message,binvec,1,0.2,dt,,2208,4280,21922,5482,6377,55871,0.8677218578503547,0.7746563482808579,0.7999562107721501,0.7871030285621959
oscore,eth,,64,p1,json,dns_message,binvec,1,0.2,dt,,2216,4280,22062,5305,6444,55841,0.8689488243430152,0.7739423279309618,0.8061533964263529,0.7897195425339609
oscore,eth,,64,p1,json,dns_message,binvec,1,0.2,dt,,2224,4280,22478,5366,6435,55373,0.8683688038192121,0.7774357555424896,0.8072834362878897,0.7920785101397184
oscore,eth,,64,p1,json,dns_message,binvec,1,0.2,dt,,2232,4280,22317,5333,6632,55370,0.8665395083210636,0.7709074579432795,0.807124773960217,0.788600505309281
oscore,eth,,64,p1,json,dns_message,binvec,1,0.2,dt,,2240,4280,22313,5483,6296,55560,0.8686141971177441,0.7799293928484043,0.8027414016405238,0.7911709954791242
oscore,eth,,64,p1,json,dns_message,binvec,1,0.2,dt,,2248,4280,22329,5458,6434,55431,0.8673537679025566,0.7763098425059973,0.8035772123654946,0.7897082228116711
oscore,eth,,64,p1,json,dns_message,binvec,1,0.2,dt,,2256,4280,22409,5410,6373,55460,0.8685695801543747,0.7785768883329859,0.8055285955641828,0.7918234660165014
oscore,eth,,64,p1,json,dns_message,binvec,1,0.2,dt,,2264,4280,22274,5351,6416,55611,0.8687480480078525,0.7763680724991286,0.8062986425339367,0.7910503418272219
oscore,eth,,64,p1,json,dns_message,binvec,1,0.2,dt,,2272,4280,21978,5428,6488,55758,0.8670860661223397,0.7720789714044826,0.8019411807633365,0.7867268041237113
oscore,eth,,64,p1,json,dns_message,binvec,1,0.2,dt,,2280,4280,22353,5437,6351,55511,0.8685138089501628,0.7787416387959866,0.8043540842029507,0.791340673345842
oscore,eth,,64,p1,json,dns_message,binvec,1,0.2,dt,,2288,4280,22194,5461,6399,55598,0.8677107036095123,0.7762039660056658,0.8025311878502983,0.789148058597639
oscore,eth,,64,p1,json,dns_message,binvec,1,0.2,dt,,2296,4280,22205,5415,6366,55666,0.8685918886360594,0.777186657799867,0.80394641564084,0.790340090050008
oscore,eth,,64,p1,json,dns_message,binvec,1,0.2,dt,,2304,4280,22396,5291,6416,55549,0.8694173024583947,0.7773150076357074,0.8088994835121176,0.7927927927927928
oscore,eth,,64,p1,json,dns_message,binvec,1,0.2,dt,,2312,4280,22412,5350,6377,55513,0.8691942176415474,0.7784917850567925,0.8072905410273035,0.7926296617212781
oscore,eth,,64,p1,json,dns_message,binvec,1,0.2,dt,,2320,4280,22109,5355,6125,56063,0.8719493151296123,0.7830629737196289,0.8050174774249927,0.7938884699630149
oscore,eth,,64,p1,json,dns_message,binvec,1,0.2,dt,,2328,4280,22232,5190,6445,55785,0.8702204077990452,0.7752554311817833,0.810735905477354,0.7925987985525589
oscore,eth,,64,p1,json,dns_message,binvec,1,0.2,dt,,2336,4280,22268,5413,6441,55530,0.8677776290545666,0.7756452680344142,0.804450706260612,0.7897854229473311
oscore,eth,,64,p1,json,dns_message,binvec,1,0.2,dt,,2344,4280,22276,5407,6587,55382,0.8662160353366349,0.7717839448428784,0.8046815735288806,0.7878895058890107
oscore,eth,,64,p1,json,dns_message,binvec,1,0.2,dt,,2352,4280,22282,5406,6396,55568,0.8683576495783697,0.7769718948322756,0.8047529615718001,0.790618457935635
oscore,eth,,64,p1,json,dns_message,binvec,1,0.2,dt,,2360,4280,22320,5399,6323,55610,0.8692499888457591,0.7792479838005796,0.805223853674375,0.7920229942159611
oscore,eth,,64,p1,json,dns_message,binvec,1,0.2,dt,,2368,4280,22247,5326,6393,55686,0.8692834515682862,0.7767807262569832,0.8068400246618068,0.7915250920605554
oscore,eth,,64,p1,json,dns_message,binvec,1,0.2,dt,,2376,4280,22095,5297,6459,55801,0.8688707446571187,0.7737970161798697,0.8066223714953271,0.7898688020591285
oscore,eth,,64,p1,json,dns_message,binvec,1,0.2,dt,,2384,4280,22426,5478,6441,55307,0.8670526033998126,0.7768732462673641,0.8036840596330275,0.7900512585651125
oscore,eth,,64,p1,json,dns_message,binvec,1,0.2,dt,,2392,4280,22488,5307,6455,55402,0.8688038192120644,0.7769754344746571,0.809066378845116,0.7926962529521661
oscore,eth,,64,p1,json,dns_message,binvec,1,0.2,dt,,2400,4280,22371,5406,6382,55493,0.8685138089501628,0.7780405522901958,0.8053785505994168,0.7914735538652043
oscore,eth,,64,p1,json,dns_message,binvec,1,0.2,dt,,2408,4280,22370,5289,6391,55602,0.8697184669611386,0.7777893675463301,0.8087783361654435,0.792981212336051
oscore,eth,,64,p1,json,dns_message,binvec,1,0.2,dt,,2416,4280,22392,5304,6524,55432,0.8680676393164681,0.7743809655554018,0.8084922010398613,0.7910690313007843
oscore,eth,,64,p1,json,dns_message,binvec,1,0.2,dt,,2424,4280,22164,5378,6302,55808,0.8697184669611386,0.7786130822735895,0.8047345871759495,0.791458363090987
oscore,eth,,64,p1,json,dns_message,binvec,1,0.2,dt,,2432,4280,22288,5294,6335,55735,0.8702873332440995,0.7786744925409635,0.8080632296425205,0.7930966995818878
oscore,eth,,64,p1,json,dns_message,binvec,1,0.2,dt,,2440,4280,22589,5208,6406,55449,0.8704546468567349,0.7790653560958786,0.812641651976832,0.7954993661079025
oscore,eth,,64,p1,json,dns_message,binvec,1,0.2,dt,,2448,4280,22364,5422,6370,55496,0.8684691919867934,0.7783114080879794,0.8048657597351184,0.7913658881811748
oscore,eth,,64,p1,json,dns_message,binvec,1,0.2,dt,,2456,4280,22251,5378,6481,55542,0.8677218578503547,0.7744326882918001,0.8053494516631076,0.7895885452706659
oscore,eth,,64,p1,json,dns_message,binvec,1,0.2,dt,,2464,4280,22119,5519,6339,55675,0.867733012091197,0.7772506852203247,0.8003111657862363,0.7886123787792356
oscore,eth,,64,p1,json,dns_message,binvec,1,0.2,dt,,2472,4280,22424,5241,6504,55483,0.8689934413063847,0.7751659292035398,0.81055485270197,0.7924654992666937
oscore,eth,,64,p1,json,dns_message,binvec,1,0.2,dt,,2480,4280,22376,5394,6442,55440,0.8679784053897291,0.776459157471025,0.8057616132517105,0.7908390471478052
oscore,eth,,64,p1,json,dns_message,binvec,1,0.2,dt,,2488,4280,22385,5291,6347,55629,0.8701869450765181,0.7790964777947933,0.8088235294117647,0.7936817472698908
oscore,eth,,64,p1,json,dns_message,binvec,1,0.2,dt,,2496,4280,22224,5313,6576,55539,0.8673872306250836,0.7716666666666666,0.8070595925482079,0.7889663986367751
oscore,eth,,64,p1,json,dns_message,binvec,1,0.2,dt,,2504,4280,22377,5480,6389,55406,0.867610315441931,0.77789751790308,0.8032810424668845,0.7903855323808346
oscore,eth,,64,p1,json,dns_message,binvec,1,0.2,dt,,2512,4280,22414,5511,6470,55257,0.8663610404675858,0.7760005539398975,0.8026499552372426,0.7891003186114877
oscore,eth,,64,p1,json,dns_message,binvec,1,0.2,dt,,2520,4280,22494,5283,6420,55455,0.8694619194217642,0.7779622328283876,0.8098066745868885,0.7935651161560036
oscore,eth,,64,p1,json,dns_message,binvec,1,0.2,dt,,2528,4280,22224,5551,6284,55593,0.8679895596305716,0.7795706468359759,0.8001440144014401,0.7897233622941208
oscore,eth,,64,p1,json,dns_message,binvec,1,0.2,dt,,2536,4280,22251,5376,6426,55599,0.8683576495783697,0.7759179830526206,0.80540775328483,0.79038789428815
oscore,eth,,64,p1,json,dns_message,binvec,1,0.2,dt,,2544,4280,22294,5333,6507,55518,0.8679337884263597,0.7740703447796952,0.8069642016867558,0.7901750903806621
oscore,eth,,64,p1,json,dns_message,binvec,1,0.2,dt,,2552,4280,22337,5223,6305,55787,0.8714139115691786,0.7798687242510998,0.8104862119013062,0.7948827443863208
oscore,eth,,64,p1,json,dns_message,binvec,1,0.2,dt,,2560,4280,22375,5297,6377,55603,0.8697853924061928,0.77820673344463,0.8085790690951142,0.7931022260031192
oscore,eth,,64,p1,json,dns_message,binvec,1,0.2,dt,,2568,4280,22206,5352,6558,55536,0.8671529915673939,0.7720066750104297,0.8057914217287176,0.7885373388729093
oscore,eth,,64,p1,json,dns_message,binvec,1,0.2,dt,,2576,4280,22286,5387,6398,55581,0.86854727167269,0.7769488216427276,0.8053337187872656,0.7908866689142431
oscore,eth,,64,p1,json,dns_message,binvec,1,0.2,dt,,2584,4280,22341,5481,6362,55468,0.8679003257038326,0.778350695049298,0.8029976277765797,0.7904820875718709
oscore,eth,,64,p1,json,dns_message,binvec,1,0.2,dt,,2592,4280,22324,5378,6349,55601,0.8691942176415474,0.7785721759146235,0.805862392607032,0.7919822616407982
oscore,eth,,64,p1,json,dns_message,binvec,1,0.2,dt,,2600,4280,22267,5374,6212,55799,0.8707669656003213,0.7818743635661365,0.8055786693679678,0.7935495367070563
oscore,eth,,64,p1,json,dns_message,binvec,1,0.2,dt,,2608,4280,22296,5351,6387,55618,0.8690715209922812,0.7773245476414601,0.8064527796867653,0.79162080596485
oscore,eth,,64,p1,json,dns_message,binvec,1,0.2,dt,,2616,4280,22274,5373,6466,55539,0.8679449426672021,0.7750173973556019,0.8056570333128369,0.7900402575061628
oscore,eth,,64,p1,json,dns_message,binvec,1,0.2,dt,,2624,4280,22425,5333,6326,55568,0.8699527060188283,0.7799728705088519,0.8078752071474891,0.7936788830097861
oscore,eth,,64,p1,json,dns_message,binvec,1,0.2,dt,,2632,4280,22453,5338,6411,55450,0.8689488243430152,0.7778894124168514,0.8079234284480588,0.7926220104139088
oscore,eth,,64,p1,json,dns_message,binvec,1,0.2,dt,,2640,4280,22259,5506,6321,55566,0.8680787935573104,0.7788313505948216,0.801692778678192,0.7900967255302156
oscore,eth,,64,p1,json,dns_message,binvec,1,0.2,dt,,2648,4280,22235,5351,6403,55663,0.8688930531388034,0.7764159508345555,0.8060247951859639,0.7909433693796244
oscore,eth,,64,p1,json,dns_message,binvec,1,0.2,dt,,2656,4280,22462,5272,6401,55517,0.8697965466470352,0.778228181408724,0.809908415663085,0.7937523190275103
oscore,eth,,64,p1,json,dns_message,binvec,1,0.2,dt,,2664,4280,22324,5358,6466,55504,0.8681122562798376,0.7754081278221605,0.8064446210533921,0.7906219011191387
oscore,eth,,64,p1,json,dns_message,binvec,1,0.2,dt,,2672,4280,22317,5374,6308,55653,0.8696961584794539,0.7796331877729258,0.8059297244592106,0.792563392286384
oscore,eth,,64,p1,json,dns_message,binvec,1,0.2,dt,,2680,4280,22466,5370,6265,55551,0.8702204077990452,0.781942849187289,0.8070843511998851,0.7943147064542931
oscore,eth,,64,p1,json,dns_message,binvec,1,0.2,dt,,2688,4280,22353,5407,6306,55586,0.8693503770133405,0.779964409086151,0.8052233429394813,0.792392633687233
oscore,eth,,64,p1,json,dns_message,binvec,1,0.2,dt,,2696,4280,22367,5391,6372,55522,0.8687926649712221,0.7782803855388148,0.8057857194322358,0.7917942545621891
oscore,eth,,64,p1,json,dns_message,binvec,1,0.2,dt,,2704,4280,22288,5282,6468,55614,0.8689376701021728,0.7750730282375852,0.8084149437794704,0.7913929623974718
oscore,eth,,64,p1,json,dns_message,binvec,1,0.2,dt,,2712,4280,22285,5335,6289,55743,0.8703431044483112,0.779904808567229,0.806842867487328,0.7931451756415275
oscore,eth,,64,p1,json,dns_message,binvec,1,0.2,dt,,2720,4280,22322,5375,6452,55503,0.8680787935573104,0.77576979217349,0.8059356609019027,0.7905650687963733
oscore,eth,,64,p1,json,dns_message,binvec,1,0.2,dt,,2728,4280,22235,5336,6306,55775,0.8701423281131486,0.7790546932483094,0.8064633129012369,0.7925220986598233
oscore,eth,,64,p1,json,dns_message,binvec,1,0.2,dt,,2736,4280,22358,5242,6330,55722,0.8709231249721144,0.7793502509760178,0.8100724637681159,0.7944144400227402
oscore,eth,,64,p1,json,dns_message,binvec,1,0.2,dt,,2744,4280,22740,5328,6497,55087,0.8681011020389953,0.7777815781372918,0.8101752885848653,0.7936480237326586
oscore,eth,,64,p1,json,dns_message,binvec,1,0.2,dt,,2752,4280,22411,5410,6300,55531,0.8693838397358675,0.7805719062380272,0.8055425757521297,0.792860680676431
oscore,eth,,64,p1,json,dns_message,binvec,1,0.2,dt,,2760,4280,22348,5319,6453,55532,0.8686922768036407,0.7759452796777889,0.8077493042252503,0.7915279450308139
oscore,eth,,64,p1,json,dns_message,binvec,1,0.2,dt,,2768,4280,22404,5381,6365,55502,0.8689822870655424,0.7787549097987417,0.8063343530682022,0.7923046999328076
oscore,eth,,64,p1,json,dns_message,binvec,1,0.2,dt,,2776,4280,22429,5265,6470,55488,0.8691049837148084,0.7761168206512336,0.8098866180400087,0.7926421995653172
oscore,eth,,64,p1,json,dns_message,binvec,1,0.2,dt,,2784,4280,22451,5283,6507,55411,0.8684915004684781,0.7752952551971821,0.8095117905819572,0.7920341494390742
oscore,eth,,64,p1,json,dns_message,binvec,1,0.2,dt,,2792,4280,22392,5380,6402,55478,0.8685807343952171,0.7776620129193582,0.8062797061788852,0.7917123360322456
oscore,eth,,64,p1,json,dns_message,binvec,1,0.2,dt,,2800,4280,21979,5383,6286,56004,0.8698411636104046,0.7776048116044578,0.8032673050215627,0.7902277670915203
oscore,eth,,64,p1,json,dns_message,binvec,1,0.2,dt,,2808,4280,22103,5488,6385,55676,0.8675656984785616,0.7758705419825892,0.8010945598202313,0.7882808181315644
oscore,eth,,64,p1,json,dns_message,binvec,1,0.2,dt,,2816,4280,22333,5332,6366,55621,0.869517690625976,0.7781804244050315,0.8072654979215615,0.7924561777020793
oscore,eth,,64,p1,json,dns_message,binvec,1,0.2,dt,,2824,4280,22224,5494,6123,55811,0.8704211841342078,0.7839983066991216,0.8017894508983332,0.7927940783019709
oscore,eth,,64,p1,json,dns_message,binvec,1,0.2,dt,,2832,4280,22379,5308,6380,55585,0.8696292330343997,0.7781564032129072,0.8082854769386355,0.7929348403784148
oscore,eth,,64,p1,json,dns_message,binvec,1,0.2,dt,,2840,4280,22259,5434,6388,55571,0.8681345647615223,0.7770098090550493,0.8037771277940273,0.7901668441604544
oscore,eth,,64,p1,json,dns_message,binvec,1,0.2,dt,,2848,4280,22271,5452,6263,55666,0.8693280685316558,0.7805074647788603,0.8033401868484652,0.7917592477380593
oscore,eth,,64,p1,json,dns_message,binvec,1,0.2,dt,,2856,4280,22448,5305,6415,55484,0.8692722973274439,0.777743131344628,0.8088494937484236,0.7929913805284725
oscore,eth,,64,p1,json,dns_message,binvec,1,0.2,dt,,2864,4280,22222,5221,6356,55853,0.8708673537679026,0.777591154034572,0.8097511205043181,0.7933453526356188
oscore,eth,,64,p1,json,dns_message,binvec,1,0.2,dt,,2872,4280,22215,5424,6373,55640,0.8684134207825815,0.7770742969077935,0.8037555627917073,0.790189766482295
oscore,eth,,64,p1,json,dns_message,binvec,1,0.2,dt,,2880,4280,22108,5466,6351,55727,0.8681903359657341,0.7768368530166204,0.8017697831290346,0.7891064194314065
oscore,eth,,64,p1,json,dns_message,binvec,1,0.2,dt,,2888,4280,22229,5415,6463,55545,0.8675099272743497,0.7747455736790743,0.8041166256692229,0.7891579096847486
oscore,eth,,64,p1,json,dns_message,binvec,1,0.2,dt,,2896,4280,22412,5258,6246,55736,0.8716816133493954,0.782050387326401,0.8099747018431515,0.7957676466411021
oscore,eth,,64,p1,json,dns_message,binvec,1,0.2,dt,,2904,4280,22373,5264,6474,55541,0.8690715209922812,0.775574583145561,0.809530701595687,0.792188938460449
oscore,eth,,64,p1,json,dns_message,binvec,1,0.2,dt,,2912,4280,22191,5277,6369,55815,0.8700977111497792,0.7769957983193277,0.8078855395369157,0.7921396444634825
oscore,eth,,64,p1,json,dns_message,binvec,1,0.2,dt,,2920,4280,22206,5465,6412,55569,0.867521081515192,0.7759452093088266,0.802500813125655,0.7889996269253318
oscore,eth,,64,p1,json,dns_message,binvec,1,0.2,dt,,2928,4280,22133,5392,6335,55792,0.8691942176415474,0.7774694393705213,0.8041053587647593,0.7905631061025485
oscore,eth,,64,p1,json,dns_message,binvec,1,0.2,dt,,2936,4280,22377,5433,6305,55537,0.8690715209922812,0.7801757199637404,0.804638619201726,0.7922183672024358
oscore,eth,,64,p1,json,dns_message,binvec,1,0.2,dt,,2944,4280,22405,5411,6441,55395,0.8677999375362513,0.7767108091243153,0.8054716709807305,0.7908298330450743
oscore,eth,,64,p1,json,dns_message,binvec,1,0.2,dt,,2952,4280,22351,5266,6566,55469,0.8680230223530987,0.7729363350278383,0.8093203461635949,0.7907100152120847
oscore,eth,,64,p1,json,dns_message,binvec,1,0.2,dt,,2960,4280,22415,5432,6292,55513,0.8692276803640744,0.7808200090570244,0.8049341042123029,0.7926937086678219
oscore,eth,,64,p1,json,dns_message,binvec,1,0.2,dt,,2968,4280,22316,5229,6585,55522,0.8682237986882613,0.7721532126916024,0.8101651842439644,0.7907026184317755
oscore,eth,,64,p1,json,dns_message,binvec,1,0.2,dt,,2976,4280,22208,5441,6477,55526,0.867063757640655,0.7742025448840858,0.8032116893920214,0.7884403734867043
oscore,eth,,64,p1,json,dns_message,binvec,1,0.2,dt,,2984,4280,22339,5352,6340,55621,0.8695846160710302,0.7789323198158932,0.8067242064208587,0.7925847081781089
oscore,eth,,64,p1,json,dns_message,binvec,1,0.2,dt,,2992,4280,22369,5503,6124,55656,0.8703096417257842,0.7850700171972064,0.8025617106773824,0.7937195067861261
oscore,eth,,64,p1,json,dns_message,binvec,1,0.2,dt,,3000,4280,22220,5360,6470,55602,0.8680453308347834,0.77448588358313,0.8056562726613488,0.7897636395948108
oscore,eth,,64,p1,json,dns_message,binvec,1,0.2,dt,,3008,4280,22342,5425,6384,55501,0.8682795698924731,0.777762305924946,0.8046241941873447,0.7909652523321473
oscore,eth,,64,p1,json,dns_message,binvec,1,0.2,dt,,3016,4280,22383,5360,6513,55396,0.8675656984785616,0.7746054817275747,0.8067981112352666,0.7903741238369322
oscore,eth,,64,p1,json,dns_message,binvec,1,0.2,dt,,3024,4280,22530,5350,6336,55436,0.8696515415160844,0.7805030139264186,0.8081061692969871,0.7940647798963804
oscore,eth,,64,p1,json,dns_message,binvec,1,0.2,dt,,3032,4280,22216,5293,6460,55683,0.8689042073796457,0.7747245082996234,0.8075902431931368,0.7908160541069681
oscore,eth,,64,p1,json,dns_message,binvec,1,0.2,dt,,3040,4280,22386,5505,6301,55460,0.8683130326150003,0.7803534702129885,0.8026245025276971,0.7913323199830323
oscore,eth,,64,p1,json,dns_message,binvec,1,0.2,dt,,3048,4280,22394,5367,6285,55606,0.8700307857047249,0.7808500993758499,0.8066712294225712,0.7935506732813608
oscore,eth,,64,p1,json,dns_message,binvec,1,0.2,dt,,3056,4280,22385,5230,6409,55628,0.8701757908356758,0.7774189067166771,0.810610175629187,0.7936676771437182
oscore,eth,,64,p1,json,dns_message,binvec,1,0.2,dt,,3064,4280,22451,5309,6250,55642,0.8710681301030652,0.7822375526985123,0.8087536023054755,0.795274614335559
oscore,eth,,64,p1,json,dns_message,binvec,1,0.2,dt,,3072,4280,22241,5361,6402,55648,0.8687926649712221,0.7764898928184897,0.805774943844649,0.7908614099031025
oscore,eth,,64,p1,json,dns_message,binvec,1,0.2,dt,,3080,4280,22459,5324,6344,55525,0.8698523178512471,0.7797451654341562,0.8083720260591009,0.7938005867175626
oscore,eth,,64,p1,json,dns_message,binvec,1,0.2,dt,,3088,4280,22323,5385,6416,55528,0.8683688038192121,0.776749364974425,0.8056517973148549,0.7909366308218329
oscore,eth,,64,p1,json,dns_message,binvec,1,0.2,dt,,3096,4280,22279,5481,6442,55450,0.8670079864364432,0.7757041885728213,0.8025576368876081,0.7889024627750925
oscore,eth,,64,p1,json,dns_message,binvec,1,0.2,dt,,3104,4280,22330,5266,6434,55622,0.8694953821442912,0.7763176192462801,0.8091752427888099,0.7924059616749468
oscore,eth,,64,p1,json,dns_message,binvec,1,0.2,dt,,3112,4280,22229,5435,6469,55519,0.8672199170124482,0.7745835946755871,0.8035352805089647,0.788793868209077
oscore,eth,,64,p1,json,dns_message,binvec,1,0.2,dt,,3120,4280,22319,5477,6343,55513,0.8681568732432071,0.7786965319935804,0.8029572600374154,0.7906408303517659
oscore,eth,,64,p1,json,dns_message,binvec,1,0.2,dt,,3128,4280,22361,5469,6359,55463,0.8680676393164681,0.7785863509749303,0.8034854473589651,0.790839964633068
oscore,eth,,64,p1,json,dns_message,binvec,1,0.2,dt,,3136,4280,22509,5458,6382,55303,0.8679337884263597,0.7791007580215292,0.804841420245289,0.7917619332371874
oscore,eth,,64,p1,json,dns_message,binvec,1,0.2,dt,,3144,4280,22306,5406,6514,55426,0.8670414491589702,0.7739764052741152,0.8049220554272517,0.7891459704238307
oscore,eth,,64,p1,json,dns_message,binvec,1,0.2,dt,,3152,4280,22190,5400,6477,55585,0.867521081515192,0.7740607667352705,0.8042769119246104,0.788879606093464
oscore,eth,,64,p1,json,dns_message,binvec,1,0.2,dt,,3160,4280,22171,5303,6525,55653,0.8680676393164681,0.7726163925285754,0.8069811458105846,0.7894249599430301
oscore,eth,,64,p1,json,dns_message,binvec,1,0.2,dt,,3168,4280,22363,5358,6363,55568,0.8692611430866015,0.7784933509712456,0.8067169294037012,0.7923538894892554
oscore,eth,,64,p1,json,dns_message,binvec,1,0.2,dt,,3176,4280,22226,5232,6452,55742,0.8696738499977692,0.7750191784643281,0.8094544395076116,0.7918626193529998
oscore,eth,,64,p1,json,dns_message,binvec,1,0.2,dt,,3184,4280,22473,5389,6403,55387,0.8684691919867934,0.7782587616013298,0.8065824420357476,0.7921675067855758
oscore,eth,,64,p1,json,dns_message,binvec,1,0.2,dt,,3192,4280,22255,5324,6495,55578,0.8681680274840494,0.7740869565217391,0.8069545668805975,0.7901791262049743
oscore,eth,,64,p1,json,dns_message,binvec,1,0.2,dt,,3200,4280,22420,5445,6336,55451,0.8685918886360594,0.7796633746000835,0.8045935761708236,0.7919323219300259
oscore,eth,,64,p1,json,dns_message,binvec,1,0.2,dt,,3208,4280,22180,5432,6415,55625,0.8678557087404631,0.7756600804336422,0.8032739388671593,0.7892255413026847
oscore,eth,,64,p1,json,dns_message,binvec,1,0.2,dt,,3216,4280,22020,5381,6434,55817,0.8682126444474189,0.7738806494693189,0.8036203058282544,0.788470145913526
oscore,eth,,64,p1,json,dns_message,binvec,1,0.2,dt,,3224,4280,22227,5248,6401,55776,0.870064248427252,0.7764077127287969,0.8089899909008189,0.7923640447034918
oscore,eth,,64,p1,json,dns_message,binvec,1,0.2,dt,,3232,4280,22453,5325,6392,55482,0.869305760049971,0.7784018027387762,0.8083015335877313,0.7930699539056567
oscore,eth,,64,p1,json,dns_message,binvec,1,0.2,dt,,3240,4280,22331,5273,6467,55581,0.8690492125105965,0.7754357941523717,0.8089769598608897,0.7918513527889082
oscore,eth,,64,p1,json,dns_message,binvec,1,0.2,dt,,3248,4280,22080,5255,6436,55881,0.8695957703118726,0.7743021461635573,0.8077556246570331,0.7906751893430736
oscore,eth,,64,p1,json,dns_message,binvec,1,0.2,dt,,3256,4280,22363,5471,6551,55267,0.8659037165930487,0.7734315556477831,0.8034418337285334,0.7881511242686967
oscore,eth,,64,p1,json,dns_message,binvec,1,0.2,dt,,3264,4280,22431,5354,6199,55668,0.8711350555481194,0.7834788683199441,0.8073061004138924,0.795214038819463
oscore,eth,,64,p1,json,dns_message,binvec,1,0.2,dt,,3272,4280,22163,5342,6373,55774,0.8693280685316558,0.7766680684048219,0.8057807671332485,0.7909566210453061
oscore,eth,,64,p1,json,dns_message,binvec,1,0.2,dt,,3280,4280,22190,5380,6463,55619,0.8679003257038326,0.7744389767214602,0.804860355458832,0.7893566689788877
oscore,eth,,64,p1,json,dns_message,binvec,1,0.2,dt,,3288,4280,22230,5428,6379,55615,0.8683018783741578,0.7770282079066028,0.8037457516812495,0.7901611957275134
oscore,eth,,64,p1,json,dns_message,binvec,1,0.2,dt,,3296,4280,22268,5453,6306,55625,0.8688372819345915,0.7793098621124099,0.8032899246058944,0.7911182165378808
oscore,eth,,64,p1,json,dns_message,binvec,1,0.2,dt,,3304,4280,22319,5429,6387,55517,0.8682014902065766,0.7775029610534383,0.8043462591898515,0.7906968505331775
oscore,eth,,64,p1,json,dns_message,binvec,1,0.2,dt,,3312,4280,22202,5362,6317,55771,0.8697296212019809,0.7784985448297627,0.8054709040777827,0.7917550772961504
oscore,eth,,64,p1,json,dns_message,binvec,1,0.2,dt,,3320,4280,22401,5414,6451,55386,0.8676549324053004,0.7764106474421184,0.8053568218587094,0.7906188787124782
oscore,eth,,64,p1,json,dns_message,binvec,1,0.2,dt,,3328,4280,22381,5324,6421,55526,0.8689934413063847,0.7770640927713354,0.8078325212055586,0.7921496451767037
oscore,eth,,64,p1,json,dns_message,binvec,1,0.2,dt,,3336,4280,22291,5405,6314,55642,0.8692834515682862,0.7792693585037581,0.8048454650491046,0.7918509440329656
oscore,eth,,64,p1,json,dns_message,binvec,1,0.2,dt,,3344,4280,22283,5522,6230,55617,0.8689153616204881,0.7815031739908113,0.8014026254270814,0.7913278170389574
oscore,eth,,64,p1,json,dns_message,binvec,1,0.2,dt,,3352,4280,22224,5465,6393,55570,0.867733012091197,0.7766013208931754,0.8026292029325724,0.7894007743402124
oscore,eth,,64,p1,json,dns_message,binvec,1,0.2,dt,,3360,4280,22272,5235,6336,55809,0.8709342792129567,0.7785234899328859,0.8096848075035445,0.7937984496124031
oscore,eth,,64,p1,json,dns_message,binvec,1,0.2,dt,,3368,4280,22363,5326,6376,55587,0.8694730736626065,0.778141201851143,0.8076492469933909,0.792620684766428
oscore,eth,,64,p1,json,dns_message,binvec,1,0.2,dt,,3376,4280,22251,5378,6301,55722,0.8697296212019809,0.7793149341552256,0.8053494516631076,0.7921183318203663
oscore,eth,,64,p1,json,dns_message,binvec,1,0.2,dt,,3384,4280,22254,5464,6283,55651,0.8689711328247,0.7798296947822125,0.8028717800707121,0.7911830059550262
oscore,eth,,64,p1,json,dns_message,binvec,1,0.2,dt,,3392,4280,22232,5519,6328,55573,0.8678557087404631,0.7784313725490196,0.8011242838095924,0.7896148177087958
oscore,eth,,64,p1,json,dns_message,binvec,1,0.2,dt,,3400,4280,22369,5230,6365,55688,0.8706665774327399,0.7784854179717408,0.810500380448567,0.7941703797063888
oscore,eth,,64,p1,json,dns_message,binvec,1,0.2,dt,,3408,4280,22473,5319,6414,55446,0.8691272921964931,0.7779624052341884,0.8086139896373057,0.7929921134811835
oscore,eth,,64,p1,json,dns_message,binvec,1,0.2,dt,,3416,4280,22413,5432,6520,55287,0.8666845134520145,0.7746517817025542,0.8049200933740348,0.7894959315227729
oscore,eth,,64,p1,json,dns_message,binvec,1,0.2,dt,,3424,4280,22256,5350,6427,55619,0.868636505599429,0.7759299933758672,0.8062015503875969,0.7907761729645224
oscore,eth,,64,p1,json,dns_message,binvec,1,0.2,dt,,3432,4280,22166,5313,6414,55759,0.8691942176415474,0.7755773268019595,0.8066523527057026,0.7908096826557733
oscore,eth,,64,p1,json,dns_message,binvec,1,0.2,dt,,3440,4280,22360,5384,6456,55452,0.8679337884263597,0.7759578012215436,0.8059400230680508,0.7906647807637907
oscore,eth,,64,p1,json,dns_message,binvec,1,0.2,dt,,3448,4280,22419,5311,6368,55554,0.8697296212019809,0.778789036717963,0.8084745762711865,0.7933542120070067
oscore,eth,,64,p1,json,dns_message,binvec,1,0.2,dt,,3456,4280,22546,5294,6504,55308,0.8684022665417391,0.7761101549053356,0.8098419540229885,0.7926173316927404
oscore,eth,,64,p1,json,dns_message,binvec,1,0.2,dt,,3464,4280,22219,5513,6357,55563,0.8675991612010887,0.7775405935050392,0.8012043848261936,0.7891951410101584
oscore,eth,,64,p1,json,dns_message,binvec,1,0.2,dt,,3472,4280,22246,5397,6266,55743,0.8699080890554589,0.7802328843995511,0.8047606989111168,0.792307007390259
oscore,eth,,64,p1,json,dns_message,binvec,1,0.2,dt,,3480,4280,22234,5491,6315,55612,0.8683130326150003,0.7788013590668675,0.8019477006311992,0.79020506805985
oscore,eth,,64,p1,json,dns_message,binvec,1,0.2,dt,,3488,4280,22295,5364,6457,55536,0.8681457190023647,0.7754243183082916,0.8060667413861673,0.790448671358423
oscore,eth,,64,p1,json,dns_message,binvec,1,0.2,dt,,3496,4280,22326,5488,6304,55534,0.8684691919867934,0.7798113866573524,0.8026892931617171,0.7910849691729857
oscore,eth,,64,p1,json,dns_message,binvec,1,0.2,dt,,3504,4280,22197,5425,6378,55652,0.8683464953375273,0.7767979002624672,0.8035985808413584,0.7899709948929658
oscore,eth,,64,p1,json,dns_message,binvec,1,0.2,dt,,3512,4280,22384,5321,6268,55679,0.8707335028777942,0.7812369119084183,0.8079408049088612,0.7943644977553809
oscore,eth,,64,p1,json,dns_message,binvec,1,0.2,dt,,3520,4280,22182,5443,6442,55585,0.8674318475884532,0.7749441028507547,0.8029683257918552,0.7887073547974186
oscore,eth,,64,p1,json,dns_message,binvec,1,0.2,dt,,3528,4280,22445,5242,6516,55449,0.868848436175434,0.7750077690687476,0.8106692671650956,0.7924375088264369
oscore,eth,,64,p1,json,dns_message,binvec,1,0.2,dt,,3536,4280,22339,5375,6503,55435,0.8675099272743497,0.7745301990153248,0.8060547015948618,0.7899780748284886
oscore,eth,,64,p1,json,dns_message,binvec,1,0.2,dt,,3544,4280,22413,5307,6193,55739,0.8717262303127649,0.7835069565825351,0.8085497835497836,0.7958314100060363
oscore,eth,,64,p1,json,dns_message,binvec,1,0.2,dt,,3552,4280,22282,5176,6557,55637,0.8691272921964931,0.7726342799680987,0.8114939179838299,0.7915874735776329
oscore,eth,,64,p1,json,dns_message,binvec,1,0.2,dt,,3560,4280,22299,5375,6490,55488,0.8676549324053004,0.7745666747716141,0.8057743730577437,0.789862387758355
oscore,eth,,64,p1,json,dns_message,binvec,1,0.2,dt,,3568,4280,22448,5201,6445,55558,0.8700977111497792,0.7769355899352784,0.8118919309920792,0.7940292172190584
oscore,eth,,64,p1,json,dns_message,binvec,1,0.2,dt,,3576,4280,22126,5450,6407,55669,0.8677441663320394,0.7754529842638349,0.802364374818683,0.7886791780284803
oscore,eth,,64,p1,json,dns_message,binvec,1,0.2,dt,,3584,4280,22318,5376,6442,55516,0.8681791817248918,0.7760083449235049,0.8058785296454105,0.7906614234598079
oscore,eth,,64,p1,json,dns_message,binvec,1,0.2,dt,,3592,4280,22271,5386,6537,55458,0.8670079864364432,0.7730838655928909,0.8052572585602198,0.7888426458868325
oscore,eth,,64,p1,json,dns_message,binvec,1,0.2,dt,,3600,4280,22247,5364,6292,55749,0.8699861687413555,0.7795297662847331,0.8057296005215313,0.792413178984862
oscore,eth,,64,p1,json,dns_message,binvec,1,0.2,dt,,3608,4280,22281,5412,6345,55614,0.8688595904162763,0.7783483546426325,0.8045715523778573,0.7912427422361903
oscore,eth,,64,p1,json,dns_message,binvec,1,0.2,dt,,3616,4280,22464,5380,6361,55447,0.8690380582697541,0.7793235039028621,0.8067806349662405,0.792814413524149
oscore,eth,,64,p1,json,dns_message,binvec,1,0.2,dt,,3624,4280,22404,5274,6442,55532,0.8693169142908134,0.7766761422727588,0.8094515499674833,0.7927252140683604
oscore,eth,,64,p1,json,dns_message,binvec,1,0.2,dt,,3632,4280,22453,5402,6357,55440,0.8688372819345915,0.7793474488024992,0.8060671333692335,0.7924821318274067
oscore,eth,,64,p1,json,dns_message,binvec,1,0.2,dt,,3640,4280,22517,5378,6419,55338,0.8684134207825815,0.7781656068565109,0.8072055924000717,0.7924196301314423
oscore,eth,,64,p1,json,dns_message,binvec,1,0.2,dt,,3648,4280,22415,5350,6315,55572,0.8698857805737742,0.780194918203968,0.8073113632270844,0.7935215505796973
oscore,eth,,64,p1,json,dns_message,binvec,1,0.2,dt,,3656,4280,22499,5364,6387,55402,0.8689265158613305,0.7788894274042789,0.8074866310160428,0.7929302718990643
oscore,eth,,64,p1,json,dns_message,binvec,1,0.2,dt,,3664,4280,22492,5349,6323,55488,0.8698077008878776,0.7805656775984731,0.8078732804137783,0.7939847500706015
oscore,eth,,64,p1,json,dns_message,binvec,1,0.2,dt,,3672,4280,22183,5393,6431,55645,0.8681122562798376,0.7752498776822534,0.8044313896141573,0.789571098060153
oscore,eth,,64,p1,json,dns_message,binvec,1,0.2,dt,,3680,4280,22361,5546,6371,55374,0.8670749118814973,0.7782611722121676,0.8012684989429175,0.7895972739631703
oscore,eth,,64,p1,json,dns_message,binvec,1,0.2,dt,,3688,4280,22202,5400,6481,55569,0.8674764645518226,0.7740473451173169,0.8043620027534236,0.7889135648929555
oscore,eth,,64,p1,json,dns_message,binvec,1,0.2,dt,,3696,4280,22174,5385,6507,55586,0.8673537679025566,0.7731250653742896,0.8046010377735041,0.7885490753911807
oscore,eth,,64,p1,json,dns_message,binvec,1,0.2,dt,,3704,4280,22356,5411,6458,55427,0.867610315441931,0.775872839591865,0.8051283898152484,0.790229935844188
oscore,eth,,64,p1,json,dns_message,binvec,1,0.2,dt,,3712,4280,22200,5261,6401,55790,0.8699192432963012,0.7761966364812419,0.8084192127016496,0.7919803075166779
oscore,eth,,64,p1,json,dns_message,binvec,1,0.2,dt,,3720,4280,22239,5543,6385,55485,0.8669522152322313,0.7769354387926216,0.8004823266863437,0.7885331347728965
oscore,eth,,64,p1,json,dns_message,binvec,1,0.2,dt,,3728,4280,22247,5365,6479,55561,0.8678891714629903,0.7744551973821625,0.8057004201071998,0.7897688948844475
oscore,eth,,64,p1,json,dns_message,binvec,1,0.2,dt,,3736,4280,22381,5353,6375,55543,0.869183063400705,0.7783071359020726,0.8069878127929617,0.7923880332802266
oscore,eth,,64,p1,json,dns_message,binvec,1,0.2,dt,,3744,4280,22175,5340,6509,55628,0.8678334002587784,0.7730790684702273,0.8059240414319462,0.789159949465293
oscore,eth,,64,p1,json,dns_message,binvec,1,0.2,dt,,3752,4280,22183,5469,6500,55500,0.8664948913576942,0.7733849318411603,0.8022204542166932,0.7875388302121239
oscore,eth,,64,p1,json,dns_message,binvec,1,0.2,dt,,3760,4280,22551,5431,6265,55405,0.8695399991076608,0.7825860632981677,0.8059109427489101,0.794077256241417
oscore,eth,,64,p1,json,dns_message,binvec,1,0.2,dt,,3768,4280,22245,5217,6516,55674,0.8691272921964931,0.7734432043392093,0.8100284028839851,0.7913131636518862
oscore,eth,,64,p1,json,dns_message,binvec,1,0.2,dt,,3776,4280,22350,5437,6452,55413,0.8673872306250836,0.7759877786264843,0.8043329614567963,0.7899061655091979
oscore,eth,,64,p1,json,dns_message,binvec,1,0.2,dt,,3784,4280,22353,5566,6150,55583,0.8693169142908134,0.7842332386064624,0.8006375586518142,0.7923505015773988
oscore,eth,,64,p1,json,dns_message,binvec,1,0.2,dt,,3792,4280,22267,5422,6313,55650,0.8691049837148084,0.779111266620014,0.8041821662031854,0.7914482219339245
oscore,eth,,64,p1,json,dns_message,binvec,1,0.2,dt,,3800,4280,22278,5409,6299,55666,0.8694061482175524,0.7795779822934528,0.8046375555314769,0.7919095691738945
oscore,eth,,64,p1,json,dns_message,binvec,1,0.2,dt,,3808,4280,22344,5429,6265,55614,0.8695623075893455,0.7810129679471495,0.8045223778489901,0.7925933808662339
oscore,eth,,64,p1,json,dns_message,binvec,1,0.2,dt,,3816,4280,22438,5375,6294,55545,0.8698411636104046,0.7809411109564249,0.8067450472800489,0.7936333893359271
oscore,eth,,64,p1,json,dns_message,binvec,1,0.2,dt,,3824,4280,22350,5356,6363,55583,0.8692834515682862,0.7783930623759273,0.8066844726773984,0.792286286534678
oscore,eth,,64,p1,json,dns_message,binvec,1,0.2,dt,,3832,4280,22173,5448,6395,55636,0.8679003257038326,0.7761481377765331,0.802758770500706,0.7892292085639538
oscore,eth,,64,p1,json,dns_message,binvec,1,0.2,dt,,3840,4280,22219,5493,6393,55547,0.8674206933476107,0.7765622815601846,0.8017826212471132,0.7889709537674882
oscore,eth,,64,p1,json,dns_message,binvec,1,0.2,dt,,3848,4280,22434,5363,6502,55353,0.8676549324053004,0.7752972076306331,0.8070655106666187,0.7908624610015335
oscore,eth,,64,p1,json,dns_message,binvec,1,0.2,dt,,3856,4280,22376,5370,6415,55491,0.86854727167269,0.7771873154805321,0.8064585886253874,0.7915524346887879
oscore,eth,,64,p1,json,dns_message,binvec,1,0.2,dt,,3864,4280,22470,5361,6438,55383,0.8683911123008968,0.7772934827729349,0.8073730731917645,0.7920477978110294
oscore,eth,,64,p1,json,dns_message,binvec,1,0.2,dt,,3872,4280,22329,5439,6406,55478,0.8678780172221479,0.7770662954585,0.8041270527225584,0.7903651133568129
oscore,eth,,64,p1,json,dns_message,binvec,1,0.2,dt,,3880,4280,22324,5351,6377,55600,0.869183063400705,0.777812619769346,0.8066485998193316,0.7919682134241521
oscore,eth,,64,p1,json,dns_message,binvec,1,0.2,dt,,3888,4280,22385,5355,6427,55485,0.8685807343952171,0.7769332222684993,0.806957462148522,0.7916607723864761
oscore,eth,,64,p1,json,dns_message,binvec,1,0.2,dt,,3896,4280,22106,5488,6343,55715,0.868034176593941,0.7770396147492004,0.8011161846778285,0.7888942419213818
oscore,eth,,64,p1,json,dns_message,binvec,1,0.2,dt,,3904,4280,22326,5393,6350,55583,0.8690157497880694,0.7785604686846143,0.8054403116995562,0.7917723202411562
oscore,eth,,64,p1,json,dns_message,binvec,1,0.2,dt,,3912,4280,22469,5230,6286,55667,0.871547762459287,0.7813945400799861,0.8111845192967255,0.7960109115385978
oscore,eth,,64,p1,json,dns_message,binvec,1,0.2,dt,,3920,4280,22339,5519,6458,55336,0.8664056574309552,0.7757405285272772,0.8018881470313733,0.788597652457859
oscore,eth,,64,p1,json,dns_message,binvec,1,0.2,dt,,3928,4280,22317,5386,6371,55578,0.8688595904162763,0.7779210819854991,0.8055806230372162,0.7915092833962867
oscore,eth,,64,p1,json,dns_message,binvec,1,0.2,dt,,3936,4280,22243,5254,6400,55755,0.8700084772230402,0.7765597179066439,0.8089246099574499,0.7924118275739224
oscore,eth,,64,p1,json,dns_message,binvec,1,0.2,dt,,3944,4280,22119,5370,6411,55752,0.8685918886360594,0.7752891692954784,0.8046491323802248,0.7896963530230815
oscore,eth,,64,p1,json,dns_message,binvec,1,0.2,dt,,3952,4280,22245,5464,6246,55697,0.8693838397358675,0.7807728756449405,0.802807751993937,0.7916370106761565
oscore,eth,,64,p1,json,dns_message,binvec,1,0.2,dt,,3960,4280,22280,5430,6348,55594,0.8686253513585865,0.7782590470867682,0.8040418621436305,0.7909403954701978
oscore,eth,,64,p1,json,dns_message,binvec,1,0.2,dt,,3968,4280,22151,5348,6462,55691,0.8682684156516307,0.7741585992381086,0.8055202007345722,0.7895280866837753
oscore,eth,,64,p1,json,dns_message,binvec,1,0.2,dt,,3976,4280,22250,5305,6357,55740,0.8699192432963012,0.7777816618310204,0.807475957176556,0.7923506997614045
oscore,eth,,64,p1,json,dns_message,binvec,1,0.2,dt,,3984,4280,22339,5317,6449,55547,0.868759202248695,0.7759830484924274,0.8077451547584611,0.7915456027212813
oscore,eth,,64,p1,json,dns_message,binvec,1,0.2,dt,,3992,4280,22283,5371,6422,55576,0.868458037745951,0.7762759101201882,0.8057785492153033,0.7907521425149489
oscore,eth,,64,p1,json,dns_message,binvec,1,0.2,dt,,4000,4280,22195,5418,6450,55589,0.8676214696827734,0.7748298132309304,0.8037880708362003,0.7890433360588717
oscore,eth,,64,p1,json,dns_message,binvec,1,0.2,dt,,4008,4280,22291,5361,6421,55579,0.8685807343952171,0.7763652828085817,0.8061261391581079,0.7909658647363565
oscore,eth,,64,p1,json,dns_message,binvec,1,0.2,dt,,4016,4280,22416,5281,6425,55530,0.8694284566992371,0.77722686453313,0.8093295302740369,0.7929534118645867
oscore,eth,,64,p1,json,dns_message,binvec,1,0.2,dt,,4024,4280,22313,5395,6389,55555,0.8685584259135323,0.7774022716187026,0.8052908907174823,0.791100868640312
oscore,eth,,64,p1,json,dns_message,binvec,1,0.2,dt,,4032,4280,22446,5435,6498,55273,0.8668964440280195,0.775497512437811,0.8050643807610918,0.7900043994720634
oscore,eth,,64,p1,json,dns_message,binvec,1,0.2,dt,,4040,4280,22305,5449,6356,55542,0.8683241868558426,0.7782352325459684,0.8036679397564315,0.7907471417176283
oscore,eth,,64,p1,json,dns_message,binvec,1,0.2,dt,,4048,4280,22082,5477,6480,55613,0.8666287422478026,0.7731251312933268,0.8012627453826336,0.7869424992427078
oscore,eth,,64,p1,json,dns_message,binvec,1,0.2,dt,,4056,4280,22179,5286,6348,55839,0.8702315620398876,0.7774739720265013,0.8075368651010377,0.7922203171881698
oscore,eth,,64,p1,json,dns_message,binvec,1,0.2,dt,,4064,4280,22233,5323,6502,55594,0.8681011020389953,0.7737254219592831,0.8068297285527652,0.7899308948144463
oscore,eth,,64,p1,json,dns_message,binvec,1,0.2,dt,,4072,4280,22312,5339,6370,55631,0.8693949939767099,0.7779094902726449,0.806914758959893,0.792146699092894
oscore,eth,,64,p1,json,dns_message,binvec,1,0.2,dt,,4080,4280,22286,5469,6269,55628,0.8690715209922812,0.7804587637891788,0.8029544226265538,0.7915467945302788
oscore,eth,,64,p1,json,dns_message,binvec,1,0.2,dt,,4088,4280,22325,5419,6227,55681,0.8700977111497792,0.7819066965536565,0.8046784890426759,0.7931291743640756
oscore,eth,,64,p1,json,dns_message,binvec,1,0.2,dt,,4096,4280,22504,5333,6487,55328,0.8681568732432071,0.7762409023490049,0.8084204476057046,0.792003941718871
oscore,eth,,64,p1,json,dns_message,binvec,1,0.2,dt,,4104,4280,22317,5461,6420,55454,0.8674764645518226,0.7765946340954171,0.8034055727554179,0.7897726267362647
oscore,eth,,64,p1,json,dns_message,binvec,1,0.2,dt,,4112,4280,22273,5432,6451,55496,0.8674541560701379,0.7754142877036625,0.8039343078866631,0.7894167892395754
oscore,eth,,64,p1,json,dns_message,binvec,1,0.2,dt,,4120,4280,22225,5442,6403,55582,0.8678780172221479,0.7763378510549113,0.803303574655727,0.7895905497823963
oscore,eth,,64,p1,json,dns_message,binvec,1,0.2,dt,,4128,4280,22437,5288,6412,55515,0.8694953821442912,0.7777392630593781,0.8092696122633003,0.7931912185809736
oscore,eth,,64,p1,json,dns_message,binvec,1,0.2,dt,,4136,4280,22610,5291,6483,55268,0.868669968321956,0.7771628914171794,0.810365219884592,0.7934168508965856
oscore,eth,,64,p1,json,dns_message,binvec,1,0.2,dt,,4144,4280,22269,5431,6491,55461,0.8670191406772855,0.7743045897079277,0.8039350180505415,0.7888416578108395
oscore,eth,,64,p1,json,dns_message,binvec,1,0.2,dt,,4152,4280,22120,5313,6439,55780,0.8689153616204881,0.7745369235617494,0.8063281449349324,0.7901128732676097
oscore,eth,,64,p1,json,dns_message,binvec,1,0.2,dt,,4160,4280,22471,5262,6394,55525,0.8699861687413555,0.7784860557768924,0.810262142573829,0.7940563270786953
oscore,eth,,64,p1,json,dns_message,binvec,1,0.2,dt,,4168,4280,22282,5430,6538,55402,0.8665060455985366,0.7731436502428869,0.8040560046189377,0.7882968937946649
oscore,eth,,64,p1,json,dns_message,binvec,1,0.2,dt,,4176,4280,22211,5352,6445,55644,0.8684134207825815,0.7750907314349526,0.805826651670718,0.7901599103505932
oscore,eth,,64,p1,json,dns_message,binvec,1,0.2,dt,,4184,4280,22398,5375,6299,55580,0.8697853924061928,0.7804997038017911,0.8064667122745112,0.7932707632371171
oscore,eth,,64,p1,json,dns_message,binvec,1,0.2,dt,,4192,4280,22376,5206,6412,55658,0.8704100298933655,0.7772683062387106,0.8112537161917193,0.7938974631896398
oscore,eth,,64,p1,json,dns_message,binvec,1,0.2,dt,,4200,4280,22165,5501,6262,55724,0.8687926649712221,0.7797164667393675,0.8011638834670715,0.7902946891769026
oscore,eth,,64,p1,json,dns_message,binvec,1,0.2,dt,,4208,4280,22204,5451,6315,55682,0.868759202248695,0.7785686735159016,0.8028927861146267,0.7905436678890589
oscore,eth,,64,p1,json,dns_message,binvec,1,0.2,dt,,4216,4280,22300,5340,6553,55459,0.8673426136617142,0.7728832357120576,0.8068017366136034,0.789478342449507
oscore,eth,,64,p1,json,dns_message,binvec,1,0.2,dt,,4224,4280,22392,5354,6348,55558,0.8694730736626065,0.7791231732776618,0.8070352483240828,0.7928336224905286
oscore,eth,,64,p1,json,dns_message,binvec,1,0.2,dt,,4232,4280,22247,5295,6438,55672,0.8691272921964931,0.7755621404915461,0.8077481664367149,0.7913280096750671
oscore,eth,,64,p1,json,dns_message,binvec,1,0.2,dt,,4240,4280,22471,5252,6588,55341,0.8679337884263597,0.7732888261812175,0.8105544133030336,0.791483216512275
oscore,eth,,64,p1,json,dns_message,binvec,1,0.2,dt,,4248,4280,22278,5416,6396,55562,0.868246107169946,0.7769407825905001,0.804434173467177,0.790448481407891
oscore,eth,,64,p1,json,dns_message,binvec,1,0.2,dt,,4256,4280,22336,5234,6502,55580,0.869093829473966,0.7745336014980234,0.8101559666303954,0.7919444050489293
oscore,eth,,64,p1,json,dns_message,binvec,1,0.2,dt,,4264,4280,22267,5323,6428,55634,0.8689265158613305,0.7759888482313992,0.8070677781805001,0.7912232388735898
oscore,eth,,64,p1,json,dns_message,binvec,1,0.2,dt,,4272,4280,22246,5296,6443,55667,0.8690603667514389,0.7754191501969396,0.8077118582528502,0.7912361508776298
oscore,eth,,64,p1,json,dns_message,binvec,1,0.2,dt,,4280,4280,22347,5548,6399,55358,0.8667402846562263,0.7773951158422041,0.8011113102706579,0.7890750516410374
