protocol,link_layer,link_layer_mode,blocksize,network_setup,data_format,dns_format,vector_type,run,test_size,classifier,classifier_args,length,max_length,true_dns,false_dns,false_data,true_data,accuracy,precision,recall,f1_score
oscore-base,schc,,1024,p1,json,dns_message,binvec,1,0.2,dt,,1,1016,0,13170,0,23210,0.6379879054425509,nan,0.0,0.0
oscore-base,schc,,1024,p1,json,dns_message,binvec,1,0.2,dt,,2,1016,0,13178,0,23202,0.6377680043980208,nan,0.0,0.0
oscore-base,schc,,1024,p1,json,dns_message,binvec,1,0.2,dt,,3,1016,0,13095,0,23285,0.6400494777350192,nan,0.0,0.0
oscore-base,schc,,1024,p1,json,dns_message,binvec,1,0.2,dt,,4,1016,7378,5871,5126,18005,0.6977185266630016,0.5900511836212412,0.556872216771077,0.5729817885294917
oscore-base,schc,,1024,p1,json,dns_message,binvec,1,0.2,dt,,5,1016,7202,5806,5418,17954,0.691478834524464,0.5706814580031696,0.5536592865928659,0.5620415170906821
oscore-base,schc,,1024,p1,json,dns_message,binvec,1,0.2,dt,,6,1016,7408,5720,5343,17909,0.6959043430456294,0.5809740412516665,0.5642900670322973,0.5725105297731752
oscore-base,schc,,1024,p1,json,dns_message,binvec,1,0.2,dt,,7,1016,7344,5827,5396,17813,0.6915063221550303,0.5764521193092622,0.557588641712854,0.5668634942688433
oscore-base,schc,,1024,p1,json,dns_message,binvec,1,0.2,dt,,8,1016,7304,5906,5385,17785,0.6896371632765256,0.575616675860982,0.5529144587433762,0.5640372215143442
oscore-base,schc,,1024,p1,json,dns_message,binvec,1,0.2,dt,,9,1016,5084,7957,3092,20247,0.6962891698735569,0.6218199608610567,0.38984740434015797,0.4792383466088514
oscore-base,schc,,1024,p1,json,dns_message,binvec,1,0.2,dt,,10,1016,5065,8133,3005,20177,0.693842770753161,0.627633209417596,0.38377026822245797,0.4763024261801768
oscore-base,schc,,1024,p1,json,dns_message,binvec,1,0.2,dt,,11,1016,7923,5273,5706,17478,0.698213304013194,0.5813339203169712,0.6004092149136102,0.5907176141658901
oscore-base,schc,,1024,p1,json,dns_message,binvec,1,0.2,dt,,12,1016,7877,5246,5702,17555,0.6990654205607477,0.5800868988879888,0.6002438466813991,0.5899932589319152
oscore-base,schc,,1024,p1,json,dns_message,binvec,1,0.2,dt,,13,1016,8667,4548,6419,16746,0.698543155579989,0.5745061646559724,0.6558456299659478,0.6124871912653264
oscore-base,schc,,1024,p1,json,dns_message,binvec,1,0.2,dt,,14,1016,8130,4951,6120,17179,0.6956844420010995,0.5705263157894737,0.6215121168106413,0.5949288353883868
oscore-base,schc,,1024,p1,json,dns_message,binvec,1,0.2,dt,,15,1016,7394,5629,5337,18020,0.6985706432105553,0.5807870552195429,0.5677647239499347,0.5742020656985323
oscore-base,schc,,1024,p1,json,dns_message,binvec,1,0.2,dt,,16,1016,7278,5897,4994,18211,0.7006322155030237,0.5930573663624511,0.5524098671726755,0.5720124179667544
oscore-base,schc,,1024,p1,json,dns_message,binvec,1,0.2,dt,,17,1016,10253,2923,8075,15129,0.6976910390324355,0.5594172850283718,0.778157255616272,0.6509014728288471
oscore-base,schc,,1024,p1,json,dns_message,binvec,1,0.2,dt,,18,1016,10217,2965,8012,15186,0.6982682792743266,0.5604805529650557,0.7750720679714762,0.650536436280284
oscore-base,schc,,1024,p1,json,dns_message,binvec,1,0.2,dt,,19,1016,10142,2919,8005,15314,0.6997251236943376,0.5588802556896457,0.776510221269428,0.6499615483209433
oscore-base,schc,,1024,p1,json,dns_message,binvec,1,0.2,dt,,20,1016,10154,2937,8069,15220,0.6974711379879054,0.5572079240520221,0.7756473913375601,0.6485278150348087
oscore-base,schc,,1024,p1,json,dns_message,binvec,1,0.2,dt,,21,1016,10109,2980,8080,15211,0.6959868059373282,0.5557754686898675,0.7723279089311635,0.6463968284417162
oscore-base,schc,,1024,p1,json,dns_message,binvec,1,0.2,dt,,22,1016,9755,3447,7721,15457,0.6930181418361737,0.558194094758526,0.738903196485381,0.6359606232479301
oscore-base,schc,,1024,p1,json,dns_message,binvec,1,0.2,dt,,23,1016,8631,4595,7367,15787,0.6711929631665751,0.5395049381172646,0.6525782549523665,0.590678894059677
oscore-base,schc,,1024,p1,json,dns_message,binvec,1,0.2,dt,,24,1016,6372,6658,6414,16936,0.6406816932380429,0.4983575786015955,0.48902532617037603,0.49364735048032227
oscore-base,schc,,1024,p1,json,dns_message,binvec,1,0.2,dt,,25,1016,5585,7445,6985,16365,0.6033534909290819,0.4443118536197295,0.42862624712202607,0.436328125
oscore-base,schc,,1024,p1,json,dns_message,binvec,1,0.2,dt,,26,1016,5432,7717,7482,15749,0.5822155030236393,0.42062877497289763,0.4131112632139326,0.41683612784407015
oscore-base,schc,,1024,p1,json,dns_message,binvec,1,0.2,dt,,27,1016,10670,2615,3269,19826,0.8382627817482133,0.7654781548174188,0.8031614602935642,0.7838671760211579
oscore-base,schc,,1024,p1,json,dns_message,binvec,1,0.2,dt,,28,1016,10462,2662,3317,19939,0.83565145684442,0.7592713549604471,0.7971654983236818,0.7777571274579044
oscore-base,schc,,1024,p1,json,dns_message,binvec,1,0.2,dt,,29,1016,10294,2869,3196,20021,0.833287520615723,0.7630837657524092,0.7820405682595153,0.7724458785127378
oscore-base,schc,,1024,p1,json,dns_message,binvec,1,0.2,dt,,30,1016,10305,2794,3314,19967,0.8321055525013744,0.7566634848373596,0.7867012749064815,0.7713900741073434
oscore-base,schc,,1024,p1,json,dns_message,binvec,1,0.2,dt,,31,1016,10050,2898,3102,20330,0.8350742166025289,0.7641423357664233,0.7761816496756255,0.7701149425287356
oscore-base,schc,,1024,p1,json,dns_message,binvec,1,0.2,dt,,32,1016,10137,3020,3024,20199,0.8338647608576141,0.7702302256667426,0.7704643915786273,0.7703472908275705
oscore-base,schc,,1024,p1,json,dns_message,binvec,1,0.2,dt,,33,1016,10040,3203,3016,20121,0.8290544255085212,0.7689950980392157,0.7581363739333987,0.7635271303091372
oscore-base,schc,,1024,p1,json,dns_message,binvec,1,0.2,dt,,34,1016,9736,3322,2856,20466,0.8301814183617372,0.7731893265565438,0.7455965691530096,0.7591423001949318
oscore-base,schc,,1024,p1,json,dns_message,binvec,1,0.2,dt,,35,1016,9841,3487,2864,20188,0.8254260582737768,0.7745769382133019,0.7383703481392557,0.7560404102485307
oscore-base,schc,,1024,p1,json,dns_message,binvec,1,0.2,dt,,36,1016,9518,3539,3010,20313,0.8199835074216603,0.7597381864623244,0.7289576472390289,0.7440297049052179
oscore-base,schc,,1024,p1,json,dns_message,binvec,1,0.2,dt,,37,1016,9351,3658,3555,19816,0.8017317207256734,0.7245467224546722,0.7188100545776002,0.7216669882307544
oscore-base,schc,,1024,p1,json,dns_message,binvec,1,0.2,dt,,38,1016,11501,1607,1772,21500,0.9071192963166576,0.8664958939199879,0.8774031126029905,0.8719153936545241
oscore-base,schc,,1024,p1,json,dns_message,binvec,1,0.2,dt,,39,1016,11401,1620,1883,21476,0.9037108301264432,0.8582505269497139,0.8755855925044159,0.8668314008743585
oscore-base,schc,,1024,p1,json,dns_message,binvec,1,0.2,dt,,40,1016,11415,1605,1920,21440,0.9031061022539857,0.8560179977502812,0.8767281105990783,0.8662492885600456
oscore-base,schc,,1024,p1,json,dns_message,binvec,1,0.2,dt,,41,1016,11493,1670,1845,21372,0.9033809785596482,0.8616734143049932,0.8731292258603662,0.8673634957171428
oscore-base,schc,,1024,p1,json,dns_message,binvec,1,0.2,dt,,42,1016,11424,1656,1806,21494,0.9048378229796592,0.8634920634920635,0.8733944954128441,0.8684150513112885
oscore-base,schc,,1024,p1,json,dns_message,binvec,1,0.2,dt,,43,1016,11557,1586,1838,21399,0.9058823529411765,0.8627846211272863,0.8793273986152325,0.8709774662747758
oscore-base,schc,,1024,p1,json,dns_message,binvec,1,0.2,dt,,44,1016,11356,1648,1844,21532,0.9040131940626718,0.8603030303030303,0.8732697631498001,0.8667379026102885
oscore-base,schc,,1024,p1,json,dns_message,binvec,1,0.2,dt,,45,1016,11542,1660,1810,21368,0.9046179219351292,0.8644397843019772,0.87426147553401,0.8693228892068992
oscore-base,schc,,1024,p1,json,dns_message,binvec,1,0.2,dt,,46,1016,11470,1684,1812,21414,0.9039032435404069,0.8635747628369221,0.8719781055192337,0.8677560901800575
oscore-base,schc,,1024,p1,json,dns_message,binvec,1,0.2,dt,,47,1016,11435,1688,1878,21379,0.9019791094007696,0.8589348756854203,0.8713708755619904,0.8651081858072326
oscore-base,schc,,1024,p1,json,dns_message,binvec,1,0.2,dt,,48,1016,11665,1596,1978,21141,0.9017592083562397,0.8550172249505241,0.8796470854385039,0.8671573000297353
oscore-base,schc,,1024,p1,json,dns_message,binvec,1,0.2,dt,,49,1016,11565,1556,1896,21363,0.9051126992853216,0.8591486516603521,0.8814114777837055,0.8701376871567226
oscore-base,schc,,1024,p1,json,dns_message,binvec,1,0.2,dt,,50,1016,11553,1627,1795,21405,0.905937328202309,0.865522924782739,0.8765553869499241,0.8710042219541616
oscore-base,schc,,1024,p1,json,dns_message,binvec,1,0.2,dt,,51,1016,11536,1608,1868,21368,0.9044529961517317,0.8606386153387049,0.8776628119293974,0.8690673497061926
oscore-base,schc,,1024,p1,json,dns_message,binvec,1,0.2,dt,,52,1016,11532,1630,1837,21381,0.9047003848268279,0.8625925648889221,0.8761586385047865,0.8693226791300742
oscore-base,schc,,1024,p1,json,dns_message,binvec,1,0.2,dt,,53,1016,11411,1594,1883,21492,0.9044255085211654,0.8583571536031293,0.8774317570165321,0.8677896497965703
oscore-base,schc,,1024,p1,json,dns_message,binvec,1,0.2,dt,,54,1016,11561,1680,1763,21376,0.9053600879604178,0.8676823776643651,0.8731213654557813,0.8703933747412008
oscore-base,schc,,1024,p1,json,dns_message,binvec,1,0.2,dt,,55,1016,11474,1623,1781,21502,0.9064321055525014,0.8656356092040739,0.8760784912575399,0.8708257437765634
oscore-base,schc,,1024,p1,json,dns_message,binvec,1,0.2,dt,,56,1016,11610,1590,1776,21404,0.9074766355140187,0.867324069923801,0.8795454545454545,0.8733920108327691
oscore-base,schc,,1024,p1,json,dns_message,binvec,1,0.2,dt,,57,1016,11562,1560,1857,21401,0.9060747663551402,0.861614129219763,0.8811156835848194,0.8712557929241551
oscore-base,schc,,1024,p1,json,dns_message,binvec,1,0.2,dt,,58,1016,11514,1622,1875,21369,0.9038757559098406,0.8599596683844948,0.8765225334957369,0.8681621112158341
oscore-base,schc,,1024,p1,json,dns_message,binvec,1,0.2,dt,,59,1016,11363,1624,1858,21535,0.9042880703683343,0.8594660010589215,0.874951874951875,0.8671398046398047
oscore-base,schc,,1024,p1,json,dns_message,binvec,1,0.2,dt,,60,1016,11543,1657,1781,21399,0.9054975261132491,0.8663314320024017,0.874469696969697,0.8703815412456644
oscore-base,schc,,1024,p1,json,dns_message,binvec,1,0.2,dt,,61,1016,11569,1634,1804,21373,0.9054975261132491,0.8651013235624019,0.8762402484283874,0.8706351595424443
oscore-base,schc,,1024,p1,json,dns_message,binvec,1,0.2,dt,,62,1016,11565,1599,1807,21409,0.9063771302913689,0.8648668860305115,0.8785323609845032,0.871646065722038
oscore-base,schc,,1024,p1,json,dns_message,binvec,1,0.2,dt,,63,1016,11458,1572,1873,21477,0.9053051126992854,0.8595004125722001,0.8793553338449731,0.8693145176586624
oscore-base,schc,,1024,p1,json,dns_message,binvec,1,0.2,dt,,64,1016,11567,1640,1801,21372,0.9054150632215503,0.8652752842609216,0.8758234269705459,0.8705174035747884
oscore-base,schc,,1024,p1,json,dns_message,binvec,1,0.2,dt,,65,1016,11518,1626,1802,21434,0.9057724024189114,0.8647147147147147,0.8762933657942787,0.87046553808948
oscore-base,schc,,1024,p1,json,dns_message,binvec,1,0.2,dt,,66,1016,11451,1616,1909,21404,0.9031061022539857,0.8571107784431138,0.8763296854672075,0.866613690543762
oscore-base,schc,,1024,p1,json,dns_message,binvec,1,0.2,dt,,67,1016,11547,1611,1869,21353,0.9043430456294668,0.8606887298747764,0.8775649794801642,0.8690449311356966
oscore-base,schc,,1024,p1,json,dns_message,binvec,1,0.2,dt,,68,1016,11378,1614,1857,21531,0.904590434304563,0.8596902153381186,0.8757697044334976,0.8676554695542761
oscore-base,schc,,1024,p1,json,dns_message,binvec,1,0.2,dt,,69,1016,11615,1548,1839,21378,0.9068993952721276,0.8633120261632228,0.8823976297196687,0.8727504978021565
oscore-base,schc,,1024,p1,json,dns_message,binvec,1,0.2,dt,,70,1016,11582,1540,1818,21440,0.9076965365585487,0.8643283582089553,0.8826398414875781,0.8733881306085514
oscore-base,schc,,1024,p1,json,dns_message,binvec,1,0.2,dt,,71,1016,11460,1589,1916,21415,0.9036558548653106,0.8567583732057417,0.8782282167215879,0.867360454115421
oscore-base,schc,,1024,p1,json,dns_message,binvec,1,0.2,dt,,72,1016,11576,1534,1853,21417,0.9068993952721276,0.8620150420731253,0.8829900839054157,0.8723765025057463
oscore-base,schc,,1024,p1,json,dns_message,binvec,1,0.2,dt,,73,1016,11537,1626,1894,21323,0.903243540406817,0.8589829498920408,0.8764719288915901,0.8676393171392043
oscore-base,schc,,1024,p1,json,dns_message,binvec,1,0.2,dt,,74,1016,11511,1638,1942,21289,0.9015942825728422,0.8556455809113209,0.8754277891854894,0.8654236523569656
oscore-base,schc,,1024,p1,json,dns_message,binvec,1,0.2,dt,,75,1016,11484,1644,1848,21404,0.9040131940626718,0.8613861386138614,0.8747714808043876,0.8680272108843538
oscore-base,schc,,1024,p1,json,dns_message,binvec,1,0.2,dt,,76,1016,11483,1603,1787,21507,0.9068169323804288,0.8653353428786738,0.8775026746140914,0.8713765366519958
oscore-base,schc,,1024,p1,json,dns_message,binvec,1,0.2,dt,,77,1016,11543,1600,1818,21419,0.9060472787245739,0.8639323403936832,0.8782621928022522,0.8710383338364021
oscore-base,schc,,1024,p1,json,dns_message,binvec,1,0.2,dt,,78,1016,11537,1608,1831,21404,0.9054700384826828,0.863031119090365,0.8776721186763028,0.8702900463923359
oscore-base,schc,,1024,p1,json,dns_message,binvec,1,0.2,dt,,79,1016,11696,1562,1828,21294,0.9068169323804288,0.8648328896776102,0.8821843415296425,0.8734224479127772
oscore-base,schc,,1024,p1,json,dns_message,binvec,1,0.2,dt,,80,1016,11556,1609,1803,21412,0.9062122045079715,0.8650348079946104,0.8777819977212306,0.8713617855527069
oscore-base,schc,,1024,p1,json,dns_message,binvec,1,0.2,dt,,81,1016,11681,1544,1810,21345,0.9078064870808137,0.865836483581647,0.8832514177693762,0.8744572540799521
oscore-base,schc,,1024,p1,json,dns_message,binvec,1,0.2,dt,,82,1016,11505,1566,1735,21574,0.9092633315008246,0.8689577039274925,0.8801927932063346,0.8745391661282353
oscore-base,schc,,1024,p1,json,dns_message,binvec,1,0.2,dt,,83,1016,11502,1600,1777,21501,0.90717427157779,0.8661796822049853,0.8778812395054191,0.8719912057920473
oscore-base,schc,,1024,p1,json,dns_message,binvec,1,0.2,dt,,84,1016,11551,1602,1774,21453,0.9072017592083562,0.8668667917448405,0.8782026914012012,0.8724979228038372
oscore-base,schc,,1024,p1,json,dns_message,binvec,1,0.2,dt,,85,1016,11553,1561,1772,21494,0.9083837273227048,0.8670168855534709,0.8809669055970718,0.8739362305684784
oscore-base,schc,,1024,p1,json,dns_message,binvec,1,0.2,dt,,86,1016,11592,1572,1824,21392,0.9066520065970314,0.8640429338103757,0.8805834092980857,0.8722347629796839
oscore-base,schc,,1024,p1,json,dns_message,binvec,1,0.2,dt,,87,1016,11710,1535,1805,21330,0.9081913139087411,0.8664446910839808,0.8841072102680256,0.875186846038864
oscore-base,schc,,1024,p1,json,dns_message,binvec,1,0.2,dt,,88,1016,11534,1649,1721,21476,0.9073666849917537,0.870162202942286,0.8749146628233331,0.8725319615704668
oscore-base,schc,,1024,p1,json,dns_message,binvec,1,0.2,dt,,89,1016,11540,1489,1862,21489,0.9078889499725123,0.8610655126100581,0.8857164786246067,0.873217055730014
oscore-base,schc,,1024,p1,json,dns_message,binvec,1,0.2,dt,,90,1016,11514,1522,1803,21541,0.9086036283672347,0.8646091462041,0.8832463945995704,0.8738284066330209
oscore-base,schc,,1024,p1,json,dns_message,binvec,1,0.2,dt,,91,1016,11575,1585,1820,21400,0.9064046179219352,0.8641284061216872,0.8795592705167173,0.8717755601581623
oscore-base,schc,,1024,p1,json,dns_message,binvec,1,0.2,dt,,92,1016,11623,1545,1743,21469,0.9096206706981859,0.8695944934909472,0.8826701093560145,0.8760835154895605
oscore-base,schc,,1024,p1,json,dns_message,binvec,1,0.2,dt,,93,1016,11498,1557,1781,21544,0.9082462891698736,0.8658784547029144,0.8807353504404443,0.8732437153489785
oscore-base,schc,,1024,p1,json,dns_message,binvec,1,0.2,dt,,94,1016,11527,1556,1785,21512,0.9081638262781748,0.8659104567307693,0.881067033554995,0.8734229967796932
oscore-base,schc,,1024,p1,json,dns_message,binvec,1,0.2,dt,,95,1016,11576,1501,1860,21443,0.9076140736668499,0.8615659422447157,0.8852183222451633,0.8732319993965224
oscore-base,schc,,1024,p1,json,dns_message,binvec,1,0.2,dt,,96,1016,11497,1644,1839,21400,0.904260582737768,0.8621025794841032,0.874895365649494,0.8684518638818597
oscore-base,schc,,1024,p1,json,dns_message,binvec,1,0.2,dt,,97,1016,11611,1554,1832,21383,0.9069268829026937,0.8637208956334151,0.8819597417394607,0.8727450390859892
oscore-base,schc,,1024,p1,json,dns_message,binvec,1,0.2,dt,,98,1016,11706,1533,1792,21349,0.9086036283672347,0.867239591050526,0.8842057557217312,0.8756404981860343
oscore-base,schc,,1024,p1,json,dns_message,binvec,1,0.2,dt,,99,1016,11624,1539,1750,21467,0.9095931830676196,0.8691490952594586,0.8830813644306009,0.8760598409767495
oscore-base,schc,,1024,p1,json,dns_message,binvec,1,0.2,dt,,100,1016,11489,1537,1923,21431,0.9048927982407916,0.8566209364747986,0.8820052203285736,0.8691277706331795
oscore-base,schc,,1024,p1,json,dns_message,binvec,1,0.2,dt,,101,1016,11394,1559,1772,21655,0.9084387025838373,0.8654109068813611,0.8796417818266039,0.8724683180826218
oscore-base,schc,,1024,p1,json,dns_message,binvec,1,0.2,dt,,102,1016,11461,1488,1796,21635,0.9097306212204508,0.86452440220261,0.8850876515561047,0.8746851865984889
oscore-base,schc,,1024,p1,json,dns_message,binvec,1,0.2,dt,,103,1016,11577,1556,1892,21355,0.9052226498075866,0.8595292894795457,0.8815198355288205,0.8703856852868206
oscore-base,schc,,1024,p1,json,dns_message,binvec,1,0.2,dt,,104,1016,11478,1495,1744,21663,0.9109675645959319,0.8680986235062774,0.8847606567486318,0.8763504485588853
oscore-base,schc,,1024,p1,json,dns_message,binvec,1,0.2,dt,,105,1016,11623,1493,1876,21388,0.9073941726223199,0.8610267427216831,0.8861695638914303,0.8734172459139583
oscore-base,schc,,1024,p1,json,dns_message,binvec,1,0.2,dt,,106,1016,11703,1498,1793,21386,0.9095382078064871,0.8671458209839953,0.8865237482008939,0.8767277222159793
oscore-base,schc,,1024,p1,json,dns_message,binvec,1,0.2,dt,,107,1016,11513,1562,1727,21578,0.9095931830676196,0.8695619335347432,0.8805353728489483,0.8750142504275128
oscore-base,schc,,1024,p1,json,dns_message,binvec,1,0.2,dt,,108,1016,11517,1515,1800,21548,0.9088785046728972,0.8648344221671548,0.8837476979742173,0.8741887737675054
oscore-base,schc,,1024,p1,json,dns_message,binvec,1,0.2,dt,,109,1016,11638,1560,1742,21440,0.9092358438702584,0.8698056801195815,0.8818002727686013,0.8757619083452479
oscore-base,schc,,1024,p1,json,dns_message,binvec,1,0.2,dt,,110,1016,11638,1500,1728,21514,0.9112699285321605,0.8707167439772557,0.8858273709849293,0.8782070630848174
oscore-base,schc,,1024,p1,json,dns_message,binvec,1,0.2,dt,,111,1016,11657,1483,1783,21457,0.9102253985706432,0.8673363095238096,0.8871385083713851,0.8771256583897667
oscore-base,schc,,1024,p1,json,dns_message,binvec,1,0.2,dt,,112,1016,11703,1568,1789,21320,0.9077240241891149,0.8674029054254373,0.8818476377062768,0.8745656316556439
oscore-base,schc,,1024,p1,json,dns_message,binvec,1,0.2,dt,,113,1016,11617,1555,1736,21472,0.9095382078064871,0.8699917621508275,0.8819465532948679,0.875928369462771
oscore-base,schc,,1024,p1,json,dns_message,binvec,1,0.2,dt,,114,1016,11658,1561,1775,21386,0.908301264431006,0.8678627261222362,0.8819123988198805,0.874831157136425
oscore-base,schc,,1024,p1,json,dns_message,binvec,1,0.2,dt,,115,1016,11725,1530,1775,21350,0.9091533809785597,0.8685185185185185,0.8845718596755942,0.8764716875350402
oscore-base,schc,,1024,p1,json,dns_message,binvec,1,0.2,dt,,116,1016,11519,1491,1764,21606,0.910527762506872,0.8671986749981179,0.8853958493466564,0.8762027916175408
oscore-base,schc,,1024,p1,json,dns_message,binvec,1,0.2,dt,,117,1016,11762,1500,1835,21283,0.9083287520615723,0.8650437596528646,0.8868948876489218,0.875833054097323
oscore-base,schc,,1024,p1,json,dns_message,binvec,1,0.2,dt,,118,1016,11642,1518,1834,21386,0.9078614623419461,0.8639062036212526,0.8846504559270517,0.8741552785703559
oscore-base,schc,,1024,p1,json,dns_message,binvec,1,0.2,dt,,119,1016,11440,1551,1737,21652,0.9096206706981859,0.8681794035061091,0.8806096528365792,0.8743503515744421
oscore-base,schc,,1024,p1,json,dns_message,binvec,1,0.2,dt,,120,1016,11524,1588,1749,21519,0.9082737768004397,0.8682287350259926,0.8788895668090299,0.8735266249763123
oscore-base,schc,,1024,p1,json,dns_message,binvec,1,0.2,dt,,121,1016,11489,1538,1852,21501,0.9068169323804288,0.8611798216025786,0.8819375143931834,0.871435072815534
oscore-base,schc,,1024,p1,json,dns_message,binvec,1,0.2,dt,,122,1016,11604,1524,1756,21496,0.9098405717427158,0.868562874251497,0.8839122486288848,0.8761703412866203
oscore-base,schc,,1024,p1,json,dns_message,binvec,1,0.2,dt,,123,1016,11536,1565,1688,21591,0.9105827377680044,0.8723532970356926,0.8805434699641249,0.8764292497625831
oscore-base,schc,,1024,p1,json,dns_message,binvec,1,0.2,dt,,124,1016,11546,1564,1747,21523,0.9089884551951621,0.868577446776499,0.8807017543859649,0.8745975836079234
oscore-base,schc,,1024,p1,json,dns_message,binvec,1,0.2,dt,,125,1016,11556,1547,1785,21492,0.908411214953271,0.8662019338880144,0.88193543463329,0.8739978823173499
oscore-base,schc,,1024,p1,json,dns_message,binvec,1,0.2,dt,,126,1016,11657,1540,1782,21401,0.9086860912589335,0.8674008482774016,0.8833068121542775,0.8752815738098814
oscore-base,schc,,1024,p1,json,dns_message,binvec,1,0.2,dt,,127,1016,11561,1552,1724,21543,0.9099505222649807,0.8702295822356041,0.8816441699077252,0.8758996893704069
oscore-base,schc,,1024,p1,json,dns_message,binvec,1,0.2,dt,,128,1016,11600,1580,1798,21402,0.9071467839472237,0.8658008658008658,0.8801213960546282,0.8729024004816013
oscore-base,schc,,1024,p1,json,dns_message,binvec,1,0.2,dt,,129,1016,11645,1576,1782,21377,0.9076965365585487,0.867282341550607,0.8807957038045534,0.8739867907535275
oscore-base,schc,,1024,p1,json,dns_message,binvec,1,0.2,dt,,130,1016,11657,1599,1760,21364,0.9076690489279824,0.8688231348289484,0.8793753771876885,0.8740674089903648
oscore-base,schc,,1024,p1,json,dns_message,binvec,1,0.2,dt,,131,1016,11660,1550,1802,21368,0.9078614623419461,0.8661417322834646,0.882664647993944,0.8743251349730053
oscore-base,schc,,1024,p1,json,dns_message,binvec,1,0.2,dt,,132,1016,11404,1565,1751,21660,0.908851017042331,0.8668947168377042,0.8793276274192304,0.8730669116521207
oscore-base,schc,,1024,p1,json,dns_message,binvec,1,0.2,dt,,133,1016,11483,1607,1791,21499,0.9065970313358989,0.8650745818894079,0.8772345301757066,0.8711121225914126
oscore-base,schc,,1024,p1,json,dns_message,binvec,1,0.2,dt,,134,1016,11529,1600,1761,21490,0.9076140736668499,0.8674943566591422,0.8781323787036331,0.8727809531019343
oscore-base,schc,,1024,p1,json,dns_message,binvec,1,0.2,dt,,135,1016,11408,1488,1842,21642,0.9084661902144036,0.8609811320754717,0.8846153846153846,0.8726382620668554
oscore-base,schc,,1024,p1,json,dns_message,binvec,1,0.2,dt,,136,1016,11652,1507,1686,21535,0.9122319956019791,0.8735942420152947,0.8854776198799301,0.8794957919764501
oscore-base,schc,,1024,p1,json,dns_message,binvec,1,0.2,dt,,137,1016,11500,1518,1779,21583,0.9093732820230896,0.8660290684539499,0.8833922261484098,0.8746244818800624
oscore-base,schc,,1024,p1,json,dns_message,binvec,1,0.2,dt,,138,1016,11684,1521,1771,21404,0.9095107201759208,0.8683760683760684,0.8848163574403635,0.8765191297824456
oscore-base,schc,,1024,p1,json,dns_message,binvec,1,0.2,dt,,139,1016,11533,1525,1746,21576,0.910087960417812,0.8685141953460351,0.8832133557972124,0.8758021035045753
oscore-base,schc,,1024,p1,json,dns_message,binvec,1,0.2,dt,,140,1016,11712,1490,1704,21474,0.9122045079714128,0.8729874776386404,0.8871383123769125,0.8800060109700203
oscore-base,schc,,1024,p1,json,dns_message,binvec,1,0.2,dt,,141,1016,11646,1555,1779,21400,0.9083562396921385,0.8674860335195531,0.8822058934929172,0.8747840456696462
oscore-base,schc,,1024,p1,json,dns_message,binvec,1,0.2,dt,,142,1016,11608,1523,1707,21542,0.9112149532710281,0.8717987232444612,0.884014926509786,0.8778643273084776
oscore-base,schc,,1024,p1,json,dns_message,binvec,1,0.2,dt,,143,1016,11693,1462,1787,21438,0.9106926882902694,0.867433234421365,0.8888635499809958,0.8780176459545711
oscore-base,schc,,1024,p1,json,dns_message,binvec,1,0.2,dt,,144,1016,11664,1563,1731,21422,0.9094557449147883,0.8707726763717805,0.8818326151054661,0.8762677484787018
oscore-base,schc,,1024,p1,json,dns_message,binvec,1,0.2,dt,,145,1016,11698,1504,1751,21427,0.910527762506872,0.8698044464272436,0.88607786698985,0.8778657461258489
oscore-base,schc,,1024,p1,json,dns_message,binvec,1,0.2,dt,,146,1016,11560,1558,1765,21497,0.9086586036283673,0.8675422138836772,0.8812318951059612,0.8743334719963696
oscore-base,schc,,1024,p1,json,dns_message,binvec,1,0.2,dt,,147,1016,11553,1527,1810,21490,0.9082737768004397,0.8645513731946419,0.8832568807339449,0.8738040313126347
oscore-base,schc,,1024,p1,json,dns_message,binvec,1,0.2,dt,,148,1016,11596,1544,1789,21451,0.9083837273227048,0.8663429211804259,0.882496194824962,0.8743449575871819
oscore-base,schc,,1024,p1,json,dns_message,binvec,1,0.2,dt,,149,1016,11444,1507,1727,21702,0.911105002748763,0.8688785969174702,0.883638329086557,0.8761963096240717
oscore-base,schc,,1024,p1,json,dns_message,binvec,1,0.2,dt,,150,1016,11633,1498,1760,21489,0.9104452996151732,0.8685880683939371,0.8859188180641231,0.877167847986729
oscore-base,schc,,1024,p1,json,dns_message,binvec,1,0.2,dt,,151,1016,11659,1480,1780,21461,0.9103903243540407,0.8675496688741722,0.8873582464418905,0.8773421626909474
oscore-base,schc,,1024,p1,json,dns_message,binvec,1,0.2,dt,,152,1016,11655,1515,1745,21465,0.9103903243540407,0.869776119402985,0.8849658314350797,0.8773052314640573
oscore-base,schc,,1024,p1,json,dns_message,binvec,1,0.2,dt,,153,1016,11674,1458,1821,21427,0.909868059373282,0.8650611337532419,0.8889734998477002,0.8768543208021933
oscore-base,schc,,1024,p1,json,dns_message,binvec,1,0.2,dt,,154,1016,11481,1525,1796,21578,0.9087135788894998,0.8647284778187844,0.882746424727049,0.8736445611231595
oscore-base,schc,,1024,p1,json,dns_message,binvec,1,0.2,dt,,155,1016,11514,1509,1752,21605,0.9103628367234744,0.8679330619629128,0.8841280810873071,0.8759557229259386
oscore-base,schc,,1024,p1,json,dns_message,binvec,1,0.2,dt,,156,1016,11615,1553,1733,21479,0.9096756459593183,0.8701678154030567,0.8820625759416768,0.8760748227485292
oscore-base,schc,,1024,p1,json,dns_message,binvec,1,0.2,dt,,157,1016,11656,1568,1778,21378,0.9080263881253436,0.8676492481762692,0.8814277071990321,0.8744842073673944
oscore-base,schc,,1024,p1,json,dns_message,binvec,1,0.2,dt,,158,1016,11581,1468,1848,21483,0.908851017042331,0.8623873706158314,0.8875009579278106,0.8747639549814941
oscore-base,schc,,1024,p1,json,dns_message,binvec,1,0.2,dt,,159,1016,11621,1545,1783,21431,0.908521165475536,0.8669800059683677,0.8826522861917059,0.8747459540835529
oscore-base,schc,,1024,p1,json,dns_message,binvec,1,0.2,dt,,160,1016,11594,1528,1800,21458,0.908521165475536,0.8656114678214126,0.8835543362292333,0.8744908734349073
oscore-base,schc,,1024,p1,json,dns_message,binvec,1,0.2,dt,,161,1016,11594,1545,1760,21481,0.9091533809785597,0.8682042833607908,0.8824111424004871,0.8752500660551844
oscore-base,schc,,1024,p1,json,dns_message,binvec,1,0.2,dt,,162,1016,11579,1513,1799,21489,0.9089609675645959,0.8655254896098071,0.8844332416743049,0.8748772194937665
oscore-base,schc,,1024,p1,json,dns_message,binvec,1,0.2,dt,,163,1016,11645,1540,1782,21413,0.9086860912589335,0.867282341550607,0.8832006067500948,0.8751690966481287
oscore-base,schc,,1024,p1,json,dns_message,binvec,1,0.2,dt,,164,1016,11628,1538,1770,21444,0.9090709180868609,0.8678907299596955,0.8831839586814523,0.8754705616624002
oscore-base,schc,,1024,p1,json,dns_message,binvec,1,0.2,dt,,165,1016,11662,1521,1823,21374,0.908081363386476,0.8648127549128661,0.8846241371463248,0.8746062696865157
oscore-base,schc,,1024,p1,json,dns_message,binvec,1,0.2,dt,,166,1016,11544,1492,1828,21516,0.9087410665200659,0.8632964403230631,0.8855477140227064,0.874280521054226
oscore-base,schc,,1024,p1,json,dns_message,binvec,1,0.2,dt,,167,1016,11633,1530,1772,21445,0.9092358438702584,0.86781051846326,0.8837650991415331,0.8757151460403493
oscore-base,schc,,1024,p1,json,dns_message,binvec,1,0.2,dt,,168,1016,11542,1618,1712,21508,0.9084661902144036,0.8708314471103064,0.8770516717325227,0.8739304914060725
oscore-base,schc,,1024,p1,json,dns_message,binvec,1,0.2,dt,,169,1016,11693,1482,1843,21362,0.9086036283672347,0.8638445626477541,0.8875142314990513,0.8755194489161768
oscore-base,schc,,1024,p1,json,dns_message,binvec,1,0.2,dt,,170,1016,11605,1464,1852,21459,0.908851017042331,0.8623764583488147,0.8879791873900069,0.8749905752846264
oscore-base,schc,,1024,p1,json,dns_message,binvec,1,0.2,dt,,171,1016,11669,1526,1721,21464,0.9107476635514019,0.8714712471994025,0.8843501326259947,0.877863456836562
oscore-base,schc,,1024,p1,json,dns_message,binvec,1,0.2,dt,,172,1016,11460,1520,1757,21643,0.9099230346344145,0.8670651433759552,0.8828967642526965,0.8749093407642097
oscore-base,schc,,1024,p1,json,dns_message,binvec,1,0.2,dt,,173,1016,11586,1592,1796,21406,0.9068719076415613,0.8657898669855029,0.8791925937168007,0.8724397590361446
oscore-base,schc,,1024,p1,json,dns_message,binvec,1,0.2,dt,,174,1016,11489,1573,1770,21548,0.9081088510170423,0.8665057696658873,0.8795743377736946,0.872991147752745
oscore-base,schc,,1024,p1,json,dns_message,binvec,1,0.2,dt,,175,1016,11637,1521,1775,21447,0.9094007696536559,0.8676558305994632,0.884404924760602,0.8759503199096725
oscore-base,schc,,1024,p1,json,dns_message,binvec,1,0.2,dt,,176,1016,11489,1550,1814,21527,0.9075316107751512,0.8636397805006389,0.881125853209602,0.8722951939867891
oscore-base,schc,,1024,p1,json,dns_message,binvec,1,0.2,dt,,177,1016,11571,1504,1767,21538,0.910087960417812,0.8675213675213675,0.8849713193116635,0.8761594669291637
oscore-base,schc,,1024,p1,json,dns_message,binvec,1,0.2,dt,,178,1016,11729,1515,1800,21336,0.9088785046728972,0.8669524724665534,0.8856085774690425,0.8761812273559183
oscore-base,schc,,1024,p1,json,dns_message,binvec,1,0.2,dt,,179,1016,11601,1547,1772,21460,0.9087685541506322,0.8674942047408958,0.8823395193185275,0.8748538893706874
oscore-base,schc,,1024,p1,json,dns_message,binvec,1,0.2,dt,,180,1016,11415,1538,1819,21608,0.9077240241891149,0.8625510049871543,0.8812630278699916,0.8718066216061404
oscore-base,schc,,1024,p1,json,dns_message,binvec,1,0.2,dt,,181,1016,11694,1463,1782,21441,0.9108026388125343,0.8677649154051648,0.8888044387018317,0.8781586753276011
oscore-base,schc,,1024,p1,json,dns_message,binvec,1,0.2,dt,,182,1016,11686,1560,1765,21369,0.9086036283672347,0.8687829901122593,0.8822285973123962,0.8754541708806233
oscore-base,schc,,1024,p1,json,dns_message,binvec,1,0.2,dt,,183,1016,11747,1446,1822,21365,0.9101704233095107,0.8657233399660992,0.890396422345183,0.8778865555638592
oscore-base,schc,,1024,p1,json,dns_message,binvec,1,0.2,dt,,184,1016,11487,1563,1771,21559,0.9083562396921385,0.8664202745512144,0.8802298850574712,0.873270488064467
oscore-base,schc,,1024,p1,json,dns_message,binvec,1,0.2,dt,,185,1016,11728,1402,1763,21487,0.913001649257834,0.8693202875991402,0.8932216298552932,0.8811088989895196
oscore-base,schc,,1024,p1,json,dns_message,binvec,1,0.2,dt,,186,1016,11668,1528,1765,21419,0.9094832325453546,0.8686071614680265,0.8842073355562292,0.876337827180893
oscore-base,schc,,1024,p1,json,dns_message,binvec,1,0.2,dt,,187,1016,11732,1471,1868,21309,0.9082188015393073,0.8626470588235294,0.8885859274407332,0.8754243927918517
oscore-base,schc,,1024,p1,json,dns_message,binvec,1,0.2,dt,,188,1016,11604,1523,1721,21532,0.9108301264431006,0.870844277673546,0.8839795840633808,0.8773627703009225
oscore-base,schc,,1024,p1,json,dns_message,binvec,1,0.2,dt,,189,1016,11510,1571,1775,21524,0.9080263881253436,0.8663906661648476,0.8799021481538108,0.8730941363877721
oscore-base,schc,,1024,p1,json,dns_message,binvec,1,0.2,dt,,190,1016,11806,1609,1666,21299,0.909978009895547,0.8763361045130641,0.8800596347372345,0.8781939227135791
oscore-base,schc,,1024,p1,json,dns_message,binvec,1,0.2,dt,,191,1016,11702,1494,1822,21362,0.908851017042331,0.865276545400769,0.8867838739011822,0.8758982035928143
oscore-base,schc,,1024,p1,json,dns_message,binvec,1,0.2,dt,,192,1016,11580,1588,1805,21407,0.90673446948873,0.8651475532312289,0.8794046172539489,0.8722178284939555
oscore-base,schc,,1024,p1,json,dns_message,binvec,1,0.2,dt,,193,1016,11688,1548,1740,21404,0.9096206706981859,0.870420017873101,0.8830462375339981,0.8766876687668766
oscore-base,schc,,1024,p1,json,dns_message,binvec,1,0.2,dt,,194,1016,11649,1550,1805,21376,0.9077789994502474,0.8658391556414449,0.8825668611258428,0.8741229880313661
oscore-base,schc,,1024,p1,json,dns_message,binvec,1,0.2,dt,,195,1016,11582,1604,1771,21423,0.9072292468389225,0.8673706283232232,0.8783558319429698,0.8728286672444328
oscore-base,schc,,1024,p1,json,dns_message,binvec,1,0.2,dt,,196,1016,11595,1513,1843,21429,0.9077515118196812,0.8628516148236345,0.8845743057674702,0.8735779401793113
oscore-base,schc,,1024,p1,json,dns_message,binvec,1,0.2,dt,,197,1016,11539,1536,1834,21471,0.9073666849917537,0.8628579974575638,0.8825239005736137,0.8725801572897761
oscore-base,schc,,1024,p1,json,dns_message,binvec,1,0.2,dt,,198,1016,11600,1609,1698,21473,0.9090984057174272,0.8723116258083923,0.8781891134832311,0.8752405025087713
oscore-base,schc,,1024,p1,json,dns_message,binvec,1,0.2,dt,,199,1016,11615,1544,1804,21417,0.9079714128642111,0.8655637528876966,0.8826658560680902,0.8740311535856724
oscore-base,schc,,1024,p1,json,dns_message,binvec,1,0.2,dt,,200,1016,11501,1547,1796,21536,0.9081088510170423,0.8649319395352335,0.8814377682403434,0.8731068513949516
oscore-base,schc,,1024,p1,json,dns_message,binvec,1,0.2,dt,,201,1016,11690,1506,1751,21433,0.9104727872457394,0.8697269548396697,0.8858745074264929,0.8777264706986523
oscore-base,schc,,1024,p1,json,dns_message,binvec,1,0.2,dt,,202,1016,11552,1520,1713,21595,0.9111324903793293,0.8708631737655484,0.8837209302325582,0.8772449405778943
oscore-base,schc,,1024,p1,json,dns_message,binvec,1,0.2,dt,,203,1016,11642,1546,1757,21435,0.9092083562396921,0.8688708112545712,0.8827722171671216,0.8757663519765299
oscore-base,schc,,1024,p1,json,dns_message,binvec,1,0.2,dt,,204,1016,11646,1535,1768,21431,0.9092083562396921,0.8681974056955419,0.8835444958652606,0.8758037225042301
oscore-base,schc,,1024,p1,json,dns_message,binvec,1,0.2,dt,,205,1016,11607,1453,1741,21579,0.9122045079714128,0.8695684746778544,0.8887442572741194,0.8790518024840958
oscore-base,schc,,1024,p1,json,dns_message,binvec,1,0.2,dt,,206,1016,11571,1496,1727,21586,0.9114073666849918,0.8701308467438713,0.8855131246651872,0.8777545989000569
oscore-base,schc,,1024,p1,json,dns_message,binvec,1,0.2,dt,,207,1016,11432,1534,1801,21613,0.9083287520615723,0.8639008539257916,0.8816905753509178,0.8727050650788198
oscore-base,schc,,1024,p1,json,dns_message,binvec,1,0.2,dt,,208,1016,11532,1482,1776,21590,0.9104452996151732,0.866546438232642,0.8861226371599815,0.8762252108502393
oscore-base,schc,,1024,p1,json,dns_message,binvec,1,0.2,dt,,209,1016,11552,1477,1784,21567,0.9103628367234744,0.8662267546490702,0.8866375009593983,0.8763132941399583
oscore-base,schc,,1024,p1,json,dns_message,binvec,1,0.2,dt,,210,1016,11570,1492,1782,21536,0.9100054975261133,0.8665368484122229,0.8857755320777829,0.8760505792382828
oscore-base,schc,,1024,p1,json,dns_message,binvec,1,0.2,dt,,211,1016,11648,1496,1749,21487,0.9108026388125343,0.8694483839665597,0.8861838101034692,0.8777363324667495
oscore-base,schc,,1024,p1,json,dns_message,binvec,1,0.2,dt,,212,1016,11771,1484,1775,21350,0.9104178119846069,0.8689650081204784,0.8880422482082233,0.8784000596992649
oscore-base,schc,,1024,p1,json,dns_message,binvec,1,0.2,dt,,213,1016,11589,1616,1722,21453,0.9082462891698736,0.8706333107955826,0.877622112836047,0.8741137426459497
oscore-base,schc,,1024,p1,json,dns_message,binvec,1,0.2,dt,,214,1016,11520,1577,1716,21567,0.9094832325453546,0.8703535811423391,0.8795907459723601,0.8749477841491664
oscore-base,schc,,1024,p1,json,dns_message,binvec,1,0.2,dt,,215,1016,11497,1528,1784,21571,0.9089609675645959,0.8656727656049996,0.8826871401151631,0.874097164145062
oscore-base,schc,,1024,p1,json,dns_message,binvec,1,0.2,dt,,216,1016,11737,1496,1786,21361,0.9097855964815833,0.867928714042742,0.8869492934330839,0.8773359246524144
oscore-base,schc,,1024,p1,json,dns_message,binvec,1,0.2,dt,,217,1016,11602,1497,1838,21443,0.9083287520615723,0.8632440476190476,0.8857164669058707,0.8743358830400543
oscore-base,schc,,1024,p1,json,dns_message,binvec,1,0.2,dt,,218,1016,11738,1506,1760,21376,0.9102253985706432,0.8696103126389094,0.886288130474177,0.877870017201406
oscore-base,schc,,1024,p1,json,dns_message,binvec,1,0.2,dt,,219,1016,11742,1444,1777,21417,0.9114623419461243,0.8685553665211924,0.8904899135446686,0.8793858827934844
oscore-base,schc,,1024,p1,json,dns_message,binvec,1,0.2,dt,,220,1016,11644,1549,1777,21410,0.9085761407366685,0.8675955591982714,0.8825892518759948,0.8750281806567972
oscore-base,schc,,1024,p1,json,dns_message,binvec,1,0.2,dt,,221,1016,11565,1535,1783,21497,0.9087960417811984,0.8664219358705424,0.882824427480916,0.8745462794918331
oscore-base,schc,,1024,p1,json,dns_message,binvec,1,0.2,dt,,222,1016,11636,1417,1783,21544,0.9120395821880154,0.8671286981146136,0.891442580249751,0.8791175581746751
oscore-base,schc,,1024,p1,json,dns_message,binvec,1,0.2,dt,,223,1016,11471,1540,1736,21633,0.9099505222649807,0.8685545544029681,0.8816386134809008,0.8750476771683576
oscore-base,schc,,1024,p1,json,dns_message,binvec,1,0.2,dt,,224,1016,11552,1545,1833,21450,0.9071467839472237,0.8630556593201345,0.882034053600061,0.8724416584850087
oscore-base,schc,,1024,p1,json,dns_message,binvec,1,0.2,dt,,225,1016,11514,1561,1840,21465,0.9065145684442001,0.8622135689680994,0.8806118546845124,0.8713156002875629
oscore-base,schc,,1024,p1,json,dns_message,binvec,1,0.2,dt,,226,1016,11664,1484,1854,21378,0.9082462891698736,0.8628495339547271,0.8871311226041984,0.8748218705467636
oscore-base,schc,,1024,p1,json,dns_message,binvec,1,0.2,dt,,227,1016,11602,1575,1893,21310,0.9046728971962616,0.8597258243793998,0.8804735524019124,0.8699760047990401
oscore-base,schc,,1024,p1,json,dns_message,binvec,1,0.2,dt,,228,1016,11615,1528,1723,21514,0.9106377130291369,0.8708202129254761,0.8837403941261508,0.877232732902836
oscore-base,schc,,1024,p1,json,dns_message,binvec,1,0.2,dt,,229,1016,11598,1499,1723,21560,0.911434854315558,0.8706553562044892,0.8855463083148812,0.8780377015671134
oscore-base,schc,,1024,p1,json,dns_message,binvec,1,0.2,dt,,230,1016,11557,1476,1882,21465,0.9076965365585487,0.8599598184388719,0.8867490217141103,0.8731489876095497
oscore-base,schc,,1024,p1,json,dns_message,binvec,1,0.2,dt,,231,1016,11536,1542,1753,21549,0.909428257284222,0.8680863872375649,0.8820920630065759,0.8750331854211704
oscore-base,schc,,1024,p1,json,dns_message,binvec,1,0.2,dt,,232,1016,11509,1552,1775,21544,0.9085486531061022,0.866380608250527,0.8811729576602098,0.8737141772632379
oscore-base,schc,,1024,p1,json,dns_message,binvec,1,0.2,dt,,233,1016,11534,1533,1792,21521,0.9086036283672347,0.8655260393216269,0.88268156424581,0.8740196264160952
oscore-base,schc,,1024,p1,json,dns_message,binvec,1,0.2,dt,,234,1016,11672,1522,1774,21412,0.9094007696536559,0.868064852000595,0.8846445353948764,0.8762762762762762
oscore-base,schc,,1024,p1,json,dns_message,binvec,1,0.2,dt,,235,1016,11651,1538,1748,21443,0.9096756459593183,0.8695425031718785,0.8833876715444688,0.8764104107115992
oscore-base,schc,,1024,p1,json,dns_message,binvec,1,0.2,dt,,236,1016,11754,1532,1765,21329,0.9093732820230896,0.8694430061395073,0.8846906518139395,0.8770005595970901
oscore-base,schc,,1024,p1,json,dns_message,binvec,1,0.2,dt,,237,1016,11549,1508,1778,21545,0.9096756459593183,0.8665866286486081,0.8845063950371448,0.8754548211036992
oscore-base,schc,,1024,p1,json,dns_message,binvec,1,0.2,dt,,238,1016,11649,1550,1796,21385,0.9080263881253436,0.8664187430271476,0.8825668611258428,0.8744182555171897
oscore-base,schc,,1024,p1,json,dns_message,binvec,1,0.2,dt,,239,1016,11483,1562,1759,21576,0.9087135788894998,0.867165080803504,0.8802606362591031,0.8736637881842736
oscore-base,schc,,1024,p1,json,dns_message,binvec,1,0.2,dt,,240,1016,11412,1582,1872,21514,0.9050577240241892,0.8590785907859079,0.8782515006926274,0.8685592510845574
oscore-base,schc,,1024,p1,json,dns_message,binvec,1,0.2,dt,,241,1016,11533,1531,1768,21548,0.9093183067619571,0.8670776633335839,0.8828077158603796,0.8748719893798597
oscore-base,schc,,1024,p1,json,dns_message,binvec,1,0.2,dt,,242,1016,11433,1512,1785,21650,0.9093732820230896,0.8649568769859283,0.8831981460023175,0.8739823414746015
oscore-base,schc,,1024,p1,json,dns_message,binvec,1,0.2,dt,,243,1016,11670,1499,1831,21380,0.9084661902144036,0.8643804162654618,0.8861720707722682,0.875140607424072
oscore-base,schc,,1024,p1,json,dns_message,binvec,1,0.2,dt,,244,1016,11615,1467,1871,21427,0.9082462891698736,0.8612635325522764,0.887861183305305,0.8743601324902138
oscore-base,schc,,1024,p1,json,dns_message,binvec,1,0.2,dt,,245,1016,11559,1562,1726,21533,0.9096206706981859,0.8700790365073391,0.8809541955643625,0.8754828448079982
oscore-base,schc,,1024,p1,json,dns_message,binvec,1,0.2,dt,,246,1016,11626,1527,1822,21405,0.9079439252336449,0.8645151695419393,0.8839048125902836,0.8741024773504755
oscore-base,schc,,1024,p1,json,dns_message,binvec,1,0.2,dt,,247,1016,11692,1514,1838,21336,0.9078614623419461,0.8641537324464154,0.885355141602302,0.8746259724715739
oscore-base,schc,,1024,p1,json,dns_message,binvec,1,0.2,dt,,248,1016,11603,1593,1755,21429,0.9079714128642111,0.8686180565952987,0.8792816004849955,0.8739173005950139
oscore-base,schc,,1024,p1,json,dns_message,binvec,1,0.2,dt,,249,1016,11514,1524,1815,21527,0.9082188015393073,0.8638307449921224,0.883110906580764,0.8733644328137444
oscore-base,schc,,1024,p1,json,dns_message,binvec,1,0.2,dt,,250,1016,11628,1487,1769,21496,0.9105002748763057,0.8679555124281556,0.8866183759054518,0.8771876885938443
oscore-base,schc,,1024,p1,json,dns_message,binvec,1,0.2,dt,,251,1016,11585,1538,1757,21500,0.909428257284222,0.8683105981112277,0.8828011887525719,0.8754959380313622
oscore-base,schc,,1024,p1,json,dns_message,binvec,1,0.2,dt,,252,1016,11501,1581,1786,21512,0.9074491478834524,0.8655829005795138,0.8791469194312796,0.8723121847624105
oscore-base,schc,,1024,p1,json,dns_message,binvec,1,0.2,dt,,253,1016,11651,1562,1765,21402,0.9085486531061022,0.8684406678592725,0.8817830924089911,0.8750610236959706
oscore-base,schc,,1024,p1,json,dns_message,binvec,1,0.2,dt,,254,1016,11577,1488,1769,21546,0.9104727872457394,0.8674509216244568,0.8861079219288175,0.8766801711408125
oscore-base,schc,,1024,p1,json,dns_message,binvec,1,0.2,dt,,255,1016,11589,1423,1807,21561,0.9112149532710281,0.8651089877575395,0.8906394097755918,0.8776885792184187
oscore-base,schc,,1024,p1,json,dns_message,binvec,1,0.2,dt,,256,1016,11594,1574,1725,21487,0.9093183067619571,0.8704857722051205,0.8804678007290401,0.8754483331445615
oscore-base,schc,,1024,p1,json,dns_message,binvec,1,0.2,dt,,257,1016,11527,1508,1767,21578,0.909978009895547,0.8670828945388898,0.8843114691215958,0.875612442553838
oscore-base,schc,,1024,p1,json,dns_message,binvec,1,0.2,dt,,258,1016,11746,1479,1793,21362,0.9100604727872458,0.8675677671910776,0.8881663516068052,0.8777462262740995
oscore-base,schc,,1024,p1,json,dns_message,binvec,1,0.2,dt,,259,1016,11647,1534,1703,21496,0.9110225398570643,0.8724344569288389,0.8836203626431985,0.8779917831970148
oscore-base,schc,,1024,p1,json,dns_message,binvec,1,0.2,dt,,260,1016,11654,1476,1740,21510,0.9115997800989555,0.8700910855606988,0.8875856816450876,0.8787513195596441
oscore-base,schc,,1024,p1,json,dns_message,binvec,1,0.2,dt,,261,1016,11620,1547,1792,21421,0.9082188015393073,0.8663883089770354,0.8825093035619351,0.8743745061890966
oscore-base,schc,,1024,p1,json,dns_message,binvec,1,0.2,dt,,262,1016,11520,1503,1769,21588,0.9100604727872458,0.8668823839265558,0.8845888044229441,0.8756460930373974
oscore-base,schc,,1024,p1,json,dns_message,binvec,1,0.2,dt,,263,1016,11603,1507,1688,21582,0.9121770203408466,0.8729967647280115,0.8850495804729215,0.8789818567478505
oscore-base,schc,,1024,p1,json,dns_message,binvec,1,0.2,dt,,264,1016,11593,1500,1734,21553,0.911105002748763,0.8698881968935245,0.8854349652486061,0.8775927327781984
oscore-base,schc,,1024,p1,json,dns_message,binvec,1,0.2,dt,,265,1016,11561,1551,1750,21518,0.9092633315008246,0.8685297873938848,0.8817114093959731,0.8750709609052719
oscore-base,schc,,1024,p1,json,dns_message,binvec,1,0.2,dt,,266,1016,11584,1539,1791,21466,0.9084661902144036,0.8660934579439252,0.8827249866646346,0.8743301381236319
oscore-base,schc,,1024,p1,json,dns_message,binvec,1,0.2,dt,,267,1016,11639,1475,1813,21453,0.9096206706981859,0.8652245019327981,0.8875247826750038,0.8762327787397425
oscore-base,schc,,1024,p1,json,dns_message,binvec,1,0.2,dt,,268,1016,11723,1553,1775,21329,0.908521165475536,0.8684990368943547,0.8830219945766797,0.8757003062672742
oscore-base,schc,,1024,p1,json,dns_message,binvec,1,0.2,dt,,269,1016,11716,1529,1744,21391,0.9100329851566795,0.8704309063893017,0.8845602114005285,0.8774386818947763
oscore-base,schc,,1024,p1,json,dns_message,binvec,1,0.2,dt,,270,1016,11641,1540,1763,21436,0.9092083562396921,0.8684720978812295,0.8831651619755709,0.8757570058303554
oscore-base,schc,,1024,p1,json,dns_message,binvec,1,0.2,dt,,271,1016,11527,1526,1690,21637,0.9115997800989555,0.8721343723991829,0.8830920094997319,0.8775789874381423
oscore-base,schc,,1024,p1,json,dns_message,binvec,1,0.2,dt,,272,1016,11634,1554,1821,21371,0.9072292468389225,0.8646599777034559,0.8821656050955414,0.8733250760049543
oscore-base,schc,,1024,p1,json,dns_message,binvec,1,0.2,dt,,273,1016,11654,1535,1832,21359,0.9074491478834524,0.8641554204360077,0.8836151338236409,0.8737769447047797
oscore-base,schc,,1024,p1,json,dns_message,binvec,1,0.2,dt,,274,1016,11649,1493,1800,21438,0.9094832325453546,0.8661610528663841,0.8863947648759701,0.8761611071415141
oscore-base,schc,,1024,p1,json,dns_message,binvec,1,0.2,dt,,275,1016,11688,1584,1655,21453,0.9109675645959319,0.8759649254290639,0.8806509945750453,0.8783017095622769
oscore-base,schc,,1024,p1,json,dns_message,binvec,1,0.2,dt,,276,1016,11468,1548,1765,21599,0.9089334799340297,0.8666213254741933,0.8810694529809465,0.8737856680254485
oscore-base,schc,,1024,p1,json,dns_message,binvec,1,0.2,dt,,277,1016,11862,1547,1725,21246,0.9100604727872458,0.8730404062706999,0.8846297263032292,0.8787968587938954
oscore-base,schc,,1024,p1,json,dns_message,binvec,1,0.2,dt,,278,1016,11676,1516,1741,21447,0.9104727872457394,0.8702392487143177,0.8850818677986658,0.8775978052538614
oscore-base,schc,,1024,p1,json,dns_message,binvec,1,0.2,dt,,279,1016,11655,1505,1753,21467,0.9104452996151732,0.8692571599045346,0.8856382978723404,0.8773712737127372
oscore-base,schc,,1024,p1,json,dns_message,binvec,1,0.2,dt,,280,1016,11679,1541,1741,21419,0.9097855964815833,0.8702682563338301,0.8834341906202723,0.8768018018018018
oscore-base,schc,,1024,p1,json,dns_message,binvec,1,0.2,dt,,281,1016,11660,1572,1662,21486,0.911105002748763,0.8752439573637592,0.8811970979443773,0.8782104391052196
oscore-base,schc,,1024,p1,json,dns_message,binvec,1,0.2,dt,,282,1016,11727,1483,1775,21395,0.9104452996151732,0.8685379943712043,0.8877365632096896,0.878032345013477
oscore-base,schc,,1024,p1,json,dns_message,binvec,1,0.2,dt,,283,1016,11550,1542,1756,21532,0.9093457943925234,0.8680294603938074,0.882218148487626,0.8750662929009774
oscore-base,schc,,1024,p1,json,dns_message,binvec,1,0.2,dt,,284,1016,11646,1485,1723,21526,0.9118196811434854,0.8711197546562944,0.8869088416723784,0.878943396226415
oscore-base,schc,,1024,p1,json,dns_message,binvec,1,0.2,dt,,285,1016,11604,1502,1771,21503,0.9100329851566795,0.867588785046729,0.8853960018312224,0.876401948566897
oscore-base,schc,,1024,p1,json,dns_message,binvec,1,0.2,dt,,286,1016,11608,1477,1791,21504,0.9101704233095107,0.8663333084558549,0.8871226595338173,0.8766047424860293
oscore-base,schc,,1024,p1,json,dns_message,binvec,1,0.2,dt,,287,1016,11762,1475,1772,21371,0.9107476635514019,0.8690704891384661,0.8885699176550578,0.878712039146838
oscore-base,schc,,1024,p1,json,dns_message,binvec,1,0.2,dt,,288,1016,11591,1455,1792,21542,0.9107476635514019,0.8660987820369125,0.8884715621646482,0.8771425328237921
oscore-base,schc,,1024,p1,json,dns_message,binvec,1,0.2,dt,,289,1016,11566,1441,1753,21620,0.9122045079714128,0.8683835122756963,0.8892135004228492,0.8786750740712603
oscore-base,schc,,1024,p1,json,dns_message,binvec,1,0.2,dt,,290,1016,11594,1413,1741,21632,0.9133040131940626,0.8694413198350206,0.8913661874375336,0.8802672538152001
oscore-base,schc,,1024,p1,json,dns_message,binvec,1,0.2,dt,,291,1016,11663,1456,1803,21458,0.9104178119846069,0.8661072330313382,0.8890159310923089,0.8774120744780891
oscore-base,schc,,1024,p1,json,dns_message,binvec,1,0.2,dt,,292,1016,11531,1472,1800,21577,0.9100604727872458,0.8649763708649013,0.8867953549180958,0.875749981013139
oscore-base,schc,,1024,p1,json,dns_message,binvec,1,0.2,dt,,293,1016,11779,1450,1773,21378,0.9114073666849918,0.8691706021251476,0.8903923199032429,0.8796534856801463
oscore-base,schc,,1024,p1,json,dns_message,binvec,1,0.2,dt,,294,1016,11785,1495,1683,21417,0.9126443100604728,0.875037125037125,0.8874246987951807,0.8811873784955885
oscore-base,schc,,1024,p1,json,dns_message,binvec,1,0.2,dt,,295,1016,11750,1475,1738,21417,0.9116822429906543,0.8711447212336892,0.888468809073724,0.879721483921686
oscore-base,schc,,1024,p1,json,dns_message,binvec,1,0.2,dt,,296,1016,11674,1554,1703,21449,0.9104727872457394,0.8726919339164237,0.8825219231932265,0.8775794023679759
oscore-base,schc,,1024,p1,json,dns_message,binvec,1,0.2,dt,,297,1016,11562,1460,1761,21597,0.9114623419461243,0.8678225624859266,0.8878820457686991,0.8777377111406339
oscore-base,schc,,1024,p1,json,dns_message,binvec,1,0.2,dt,,298,1016,11685,1480,1695,21520,0.9127267729521715,0.8733183856502242,0.887580706418534,0.8803917875306084
oscore-base,schc,,1024,p1,json,dns_message,binvec,1,0.2,dt,,299,1016,11732,1577,1740,21331,0.9088235294117647,0.8708432304038005,0.881508753475092,0.8761435345954222
oscore-base,schc,,1024,p1,json,dns_message,binvec,1,0.2,dt,,300,1016,11600,1518,1685,21577,0.9119571192963166,0.8731652239367708,0.8842811404177466,0.8786880278756202
oscore-base,schc,,1024,p1,json,dns_message,binvec,1,0.2,dt,,301,1016,11660,1527,1744,21449,0.910087960417812,0.8698895851984483,0.8842041404413438,0.8769884547403257
oscore-base,schc,,1024,p1,json,dns_message,binvec,1,0.2,dt,,302,1016,11534,1443,1786,21617,0.9112424409015942,0.8659159159159159,0.888803267319103,0.8772103281743164
oscore-base,schc,,1024,p1,json,dns_message,binvec,1,0.2,dt,,303,1016,11826,1528,1705,21321,0.9111324903793293,0.8739930529894316,0.8855773550995957,0.8797470708573554
oscore-base,schc,,1024,p1,json,dns_message,binvec,1,0.2,dt,,304,1016,11596,1448,1753,21583,0.9120120945574491,0.8686793018203611,0.8889911070223858,0.8787178418520062
oscore-base,schc,,1024,p1,json,dns_message,binvec,1,0.2,dt,,305,1016,11746,1493,1743,21398,0.9110500274876305,0.8707836014530358,0.8872271319586071,0.8789284645315774
oscore-base,schc,,1024,p1,json,dns_message,binvec,1,0.2,dt,,306,1016,11717,1413,1762,21488,0.9127267729521715,0.8692781363602641,0.8923838537699924,0.8806794693524748
oscore-base,schc,,1024,p1,json,dns_message,binvec,1,0.2,dt,,307,1016,11628,1471,1749,21532,0.9114898295766904,0.869253195783808,0.8877013512481868,0.8783804200030216
oscore-base,schc,,1024,p1,json,dns_message,binvec,1,0.2,dt,,308,1016,11745,1496,1770,21369,0.9102253985706432,0.8690344062153164,0.8870175968582433,0.8779339213634325
oscore-base,schc,,1024,p1,json,dns_message,binvec,1,0.2,dt,,309,1016,11643,1467,1742,21528,0.9117921935129192,0.8698543145311917,0.8881006864988559,0.8788828080769957
oscore-base,schc,,1024,p1,json,dns_message,binvec,1,0.2,dt,,310,1016,11617,1533,1756,21474,0.9095931830676196,0.8686906453301428,0.8834220532319391,0.8759944199374128
oscore-base,schc,,1024,p1,json,dns_message,binvec,1,0.2,dt,,311,1016,11545,1510,1756,21569,0.9102253985706432,0.8679798511390121,0.8843355036384527,0.8760813477007133
oscore-base,schc,,1024,p1,json,dns_message,binvec,1,0.2,dt,,312,1016,11888,1457,1743,21292,0.9120395821880154,0.8721297043503778,0.8908205320344699,0.8813760379596679
oscore-base,schc,,1024,p1,json,dns_message,binvec,1,0.2,dt,,313,1016,11658,1479,1716,21527,0.9121770203408466,0.8716913414087034,0.8874172185430463,0.8794839877786579
oscore-base,schc,,1024,p1,json,dns_message,binvec,1,0.2,dt,,314,1016,11646,1514,1777,21443,0.9095382078064871,0.8676152871936229,0.8849544072948329,0.8761990745965467
oscore-base,schc,,1024,p1,json,dns_message,binvec,1,0.2,dt,,315,1016,11801,1432,1747,21400,0.9126168224299065,0.8710510776498376,0.8917856872969092,0.8812964415070386
oscore-base,schc,,1024,p1,json,dns_message,binvec,1,0.2,dt,,316,1016,11841,1447,1765,21327,0.9117097306212204,0.870277818609437,0.8911047561709813,0.8805681564661263
oscore-base,schc,,1024,p1,json,dns_message,binvec,1,0.2,dt,,317,1016,11725,1405,1808,21442,0.9116822429906543,0.8664006502623217,0.892993145468393,0.8794959306904699
oscore-base,schc,,1024,p1,json,dns_message,binvec,1,0.2,dt,,318,1016,11609,1428,1748,21595,0.9126992853216053,0.8691322901849218,0.8904655979136304,0.8796696218837614
oscore-base,schc,,1024,p1,json,dns_message,binvec,1,0.2,dt,,319,1016,11373,1485,1790,21732,0.909978009895547,0.8640127630479374,0.8845076994867009,0.8741401175973252
oscore-base,schc,,1024,p1,json,dns_message,binvec,1,0.2,dt,,320,1016,11647,1461,1719,21553,0.9125893347993403,0.8713900942690409,0.8885413487946292,0.8798821485230792
oscore-base,schc,,1024,p1,json,dns_message,binvec,1,0.2,dt,,321,1016,11670,1455,1802,21453,0.9104727872457394,0.8662410926365796,0.8891428571428571,0.8775425799902244
oscore-base,schc,,1024,p1,json,dns_message,binvec,1,0.2,dt,,322,1016,11748,1506,1792,21334,0.9093457943925234,0.8676514032496307,0.8863739248528746,0.8769127416585802
oscore-base,schc,,1024,p1,json,dns_message,binvec,1,0.2,dt,,323,1016,11701,1552,1716,21411,0.9101704233095107,0.8721025564582247,0.8828944389949446,0.8774653168353955
oscore-base,schc,,1024,p1,json,dns_message,binvec,1,0.2,dt,,324,1016,11860,1518,1726,21276,0.9108301264431006,0.8729574562049168,0.8865301240843175,0.879691440439104
oscore-base,schc,,1024,p1,json,dns_message,binvec,1,0.2,dt,,325,1016,11512,1450,1790,21628,0.9109400769653656,0.8654337693579913,0.8881345471377874,0.8766372220530003
oscore-base,schc,,1024,p1,json,dns_message,binvec,1,0.2,dt,,326,1016,11631,1527,1740,21482,0.910197910940077,0.8698676239623064,0.8839489284085728,0.8768517471446342
oscore-base,schc,,1024,p1,json,dns_message,binvec,1,0.2,dt,,327,1016,11669,1478,1724,21509,0.9119846069268829,0.871276039722243,0.8875789153419031,0.8793519216277317
oscore-base,schc,,1024,p1,json,dns_message,binvec,1,0.2,dt,,328,1016,11719,1504,1697,21460,0.9120120945574491,0.8735092426952892,0.8862587914996597,0.8798378317504411
oscore-base,schc,,1024,p1,json,dns_message,binvec,1,0.2,dt,,329,1016,11745,1491,1756,21388,0.9107476635514019,0.8699355603288645,0.8873526745240253,0.8785578037924973
oscore-base,schc,,1024,p1,json,dns_message,binvec,1,0.2,dt,,330,1016,11724,1462,1737,21457,0.9120670698185817,0.8709605527078226,0.8891248293644775,0.8799489623597403
oscore-base,schc,,1024,p1,json,dns_message,binvec,1,0.2,dt,,331,1016,11682,1395,1752,21551,0.9134964266080264,0.8695846359982135,0.8933241569167241,0.8812945569763494
oscore-base,schc,,1024,p1,json,dns_message,binvec,1,0.2,dt,,332,1016,11703,1504,1816,21357,0.9087410665200659,0.8656705377616688,0.8861209964412812,0.8757763975155279
oscore-base,schc,,1024,p1,json,dns_message,binvec,1,0.2,dt,,333,1016,11687,1513,1729,21451,0.9108851017042331,0.8711240310077519,0.8853787878787879,0.8781935677787797
oscore-base,schc,,1024,p1,json,dns_message,binvec,1,0.2,dt,,334,1016,11494,1544,1759,21583,0.9092083562396921,0.8672753338866672,0.8815769289768369,0.8743676543303792
oscore-base,schc,,1024,p1,json,dns_message,binvec,1,0.2,dt,,335,1016,11520,1480,1812,21568,0.9095107201759208,0.8640864086408641,0.8861538461538462,0.8749810116967948
oscore-base,schc,,1024,p1,json,dns_message,binvec,1,0.2,dt,,336,1016,11531,1517,1837,21495,0.9078064870808137,0.8625822860562538,0.8837369711833231,0.8730314960629921
oscore-base,schc,,1024,p1,json,dns_message,binvec,1,0.2,dt,,337,1016,11564,1487,1758,21571,0.9108026388125343,0.8680378321573338,0.8860623706995633,0.8769574944071589
oscore-base,schc,,1024,p1,json,dns_message,binvec,1,0.2,dt,,338,1016,11679,1434,1756,21511,0.9123144584936779,0.869296613323409,0.8906428734843286,0.8798402892873286
oscore-base,schc,,1024,p1,json,dns_message,binvec,1,0.2,dt,,339,1016,11743,1462,1773,21402,0.9110775151181968,0.8688221367268423,0.8892843619840969,0.8789341716253134
oscore-base,schc,,1024,p1,json,dns_message,binvec,1,0.2,dt,,340,1016,11803,1482,1703,21392,0.912451896646509,0.8739078927883903,0.8884456153556642,0.8811167929528573
oscore-base,schc,,1024,p1,json,dns_message,binvec,1,0.2,dt,,341,1016,11651,1477,1765,21487,0.9108851017042331,0.8684406678592725,0.8874923826934796,0.8778631705846895
oscore-base,schc,,1024,p1,json,dns_message,binvec,1,0.2,dt,,342,1016,11607,1470,1732,21571,0.9119846069268829,0.8701551840467802,0.8875888965359028,0.8787855844942459
oscore-base,schc,,1024,p1,json,dns_message,binvec,1,0.2,dt,,343,1016,11716,1477,1767,21420,0.9108301264431006,0.8689460802492027,0.888046691427272,0.878392562603089
oscore-base,schc,,1024,p1,json,dns_message,binvec,1,0.2,dt,,344,1016,11641,1559,1784,21396,0.9081088510170423,0.8671135940409683,0.8818939393939393,0.8744413145539907
oscore-base,schc,,1024,p1,json,dns_message,binvec,1,0.2,dt,,345,1016,11528,1439,1766,21647,0.9119021440351842,0.8671581164435084,0.8890259890491247,0.8779559041925289
oscore-base,schc,,1024,p1,json,dns_message,binvec,1,0.2,dt,,346,1016,11611,1529,1732,21508,0.9103628367234744,0.8701941092707787,0.8836377473363775,0.8768644035796549
oscore-base,schc,,1024,p1,json,dns_message,binvec,1,0.2,dt,,347,1016,11498,1471,1708,21703,0.9126168224299065,0.8706648493109193,0.8865756804688102,0.8785482330468004
oscore-base,schc,,1024,p1,json,dns_message,binvec,1,0.2,dt,,348,1016,11816,1473,1691,21400,0.9130291368884003,0.8748056563263493,0.8891564451802243,0.8819226750261233
oscore-base,schc,,1024,p1,json,dns_message,binvec,1,0.2,dt,,349,1016,11675,1465,1706,21534,0.9128367234744365,0.8725057917943353,0.8885083713850838,0.8804343727612081
oscore-base,schc,,1024,p1,json,dns_message,binvec,1,0.2,dt,,350,1016,11738,1521,1707,21414,0.9112699285321605,0.8730383042023057,0.8852854664756015,0.8791192330736968
oscore-base,schc,,1024,p1,json,dns_message,binvec,1,0.2,dt,,351,1016,11571,1443,1728,21638,0.9128367234744365,0.8700654184525152,0.8891194098662978,0.879489225857941
oscore-base,schc,,1024,p1,json,dns_message,binvec,1,0.2,dt,,352,1016,11681,1467,1706,21526,0.912781748213304,0.8725629341898857,0.8884240949193793,0.8804220840399473
oscore-base,schc,,1024,p1,json,dns_message,binvec,1,0.2,dt,,353,1016,11755,1419,1770,21436,0.9123419461242441,0.8691312384473198,0.8922878396842265,0.8805573242443537
oscore-base,schc,,1024,p1,json,dns_message,binvec,1,0.2,dt,,354,1016,11585,1403,1790,21602,0.9122319956019791,0.8661682242990654,0.8919772097320604,0.8788832833895991
oscore-base,schc,,1024,p1,json,dns_message,binvec,1,0.2,dt,,355,1016,11580,1458,1755,21587,0.9116822429906543,0.8683914510686164,0.8881730326737229,0.8781708565578432
oscore-base,schc,,1024,p1,json,dns_message,binvec,1,0.2,dt,,356,1016,11641,1471,1815,21453,0.9096756459593183,0.8651159334126041,0.8878126906650396,0.876317374284854
oscore-base,schc,,1024,p1,json,dns_message,binvec,1,0.2,dt,,357,1016,11509,1484,1706,21681,0.9123144584936779,0.8709042754445706,0.8857846532748404,0.8782814407814408
oscore-base,schc,,1024,p1,json,dns_message,binvec,1,0.2,dt,,358,1016,11579,1459,1665,21677,0.91412864211105,0.8742826940501359,0.8880963337935266,0.8811353778251274
oscore-base,schc,,1024,p1,json,dns_message,binvec,1,0.2,dt,,359,1016,11787,1526,1688,21379,0.911654755360088,0.8747309833024118,0.8853751971756929,0.8800209048827833
oscore-base,schc,,1024,p1,json,dns_message,binvec,1,0.2,dt,,360,1016,11684,1429,1799,21468,0.9112699285321605,0.8665727212044797,0.8910241744833372,0.8786283651676944
oscore-base,schc,,1024,p1,json,dns_message,binvec,1,0.2,dt,,361,1016,11588,1546,1685,21561,0.9111874656404618,0.8730505537557447,0.8822902390741587,0.8776460786912561
oscore-base,schc,,1024,p1,json,dns_message,binvec,1,0.2,dt,,362,1016,11632,1451,1802,21495,0.9105827377680044,0.8658627363406283,0.8890927157379805,0.8773239808424784
oscore-base,schc,,1024,p1,json,dns_message,binvec,1,0.2,dt,,363,1016,11706,1469,1761,21444,0.9112149532710281,0.8692359100022277,0.8885009487666035,0.8787628556414684
oscore-base,schc,,1024,p1,json,dns_message,binvec,1,0.2,dt,,364,1016,11711,1488,1743,21438,0.9111874656404618,0.8704474505723205,0.8872641866808092,0.8787753723783439
oscore-base,schc,,1024,p1,json,dns_message,binvec,1,0.2,dt,,365,1016,11682,1420,1717,21561,0.9137713029136888,0.8718561086648258,0.8916196000610593,0.8816271084110033
oscore-base,schc,,1024,p1,json,dns_message,binvec,1,0.2,dt,,366,1016,11737,1496,1754,21393,0.9106652006597031,0.8699873990067453,0.8869492934330839,0.8783864690914533
oscore-base,schc,,1024,p1,json,dns_message,binvec,1,0.2,dt,,367,1016,11589,1512,1712,21567,0.9113798790544255,0.8712878730922488,0.884588962674605,0.8778880387849405
oscore-base,schc,,1024,p1,json,dns_message,binvec,1,0.2,dt,,368,1016,11627,1520,1778,21455,0.9093457943925234,0.8673629242819844,0.8843842701757055,0.8757909008737571
oscore-base,schc,,1024,p1,json,dns_message,binvec,1,0.2,dt,,369,1016,11548,1509,1724,21599,0.9111324903793293,0.8701024713682941,0.8844298077659493,0.8772076417638346
oscore-base,schc,,1024,p1,json,dns_message,binvec,1,0.2,dt,,370,1016,11598,1449,1779,21554,0.9112699285321605,0.8670105404799282,0.8889399862037249,0.8778383287920073
oscore-base,schc,,1024,p1,json,dns_message,binvec,1,0.2,dt,,371,1016,11710,1412,1780,21478,0.9122594832325454,0.8680504077094143,0.8923944520652339,0.8800541109274012
oscore-base,schc,,1024,p1,json,dns_message,binvec,1,0.2,dt,,372,1016,11710,1407,1701,21562,0.91456844420011,0.8731638207441652,0.8927346191964626,0.8828407720144753
oscore-base,schc,,1024,p1,json,dns_message,binvec,1,0.2,dt,,373,1016,11646,1461,1752,21521,0.9116822429906543,0.8692342140618002,0.8885328450446326,0.8787775891341256
oscore-base,schc,,1024,p1,json,dns_message,binvec,1,0.2,dt,,374,1016,11495,1493,1730,21662,0.9114073666849918,0.869187145557656,0.8850477363720357,0.8770457406630298
oscore-base,schc,,1024,p1,json,dns_message,binvec,1,0.2,dt,,375,1016,11640,1437,1719,21584,0.9132490379329302,0.8713227037951943,0.8901124111034641,0.8806173399909215
oscore-base,schc,,1024,p1,json,dns_message,binvec,1,0.2,dt,,376,1016,11462,1554,1826,21538,0.9070918086860913,0.8625827814569537,0.8806084818684696,0.8715024330900243
oscore-base,schc,,1024,p1,json,dns_message,binvec,1,0.2,dt,,377,1016,11700,1412,1767,21501,0.9126168224299065,0.8687903764758298,0.8923123856009763,0.8803942962489183
oscore-base,schc,,1024,p1,json,dns_message,binvec,1,0.2,dt,,378,1016,11659,1469,1786,21466,0.910527762506872,0.8671625139457048,0.8881017672151127,0.8775072441952357
oscore-base,schc,,1024,p1,json,dns_message,binvec,1,0.2,dt,,379,1016,11800,1440,1755,21385,0.9121770203408466,0.8705274806344522,0.8912386706948641,0.8807613360701624
oscore-base,schc,,1024,p1,json,dns_message,binvec,1,0.2,dt,,380,1016,11774,1438,1769,21399,0.9118471687740517,0.8693790149892934,0.8911595519224947,0.880134554288918
oscore-base,schc,,1024,p1,json,dns_message,binvec,1,0.2,dt,,381,1016,11556,1539,1702,21583,0.9109125893347993,0.8716246794388294,0.8824742268041237,0.8770158995180815
oscore-base,schc,,1024,p1,json,dns_message,binvec,1,0.2,dt,,382,1016,11714,1509,1668,21489,0.912671797691039,0.8753549544163802,0.8858806624820389,0.8805863559481301
oscore-base,schc,,1024,p1,json,dns_message,binvec,1,0.2,dt,,383,1016,11736,1471,1814,21359,0.9097031335898845,0.8661254612546125,0.888619671386386,0.8772283888328288
oscore-base,schc,,1024,p1,json,dns_message,binvec,1,0.2,dt,,384,1016,11578,1479,1748,21575,0.9112974161627267,0.8688278553204263,0.8867274259018151,0.8776863889625895
oscore-base,schc,,1024,p1,json,dns_message,binvec,1,0.2,dt,,385,1016,11619,1474,1770,21517,0.9108301264431006,0.867801926954963,0.887420759184297,0.8775016992674269
oscore-base,schc,,1024,p1,json,dns_message,binvec,1,0.2,dt,,386,1016,11675,1460,1813,21432,0.9100329851566795,0.8655842230130486,0.8888465930719451,0.8770611876948503
oscore-base,schc,,1024,p1,json,dns_message,binvec,1,0.2,dt,,387,1016,11684,1498,1723,21475,0.9114623419461243,0.8714850451256806,0.886360188135336,0.8788596788145474
oscore-base,schc,,1024,p1,json,dns_message,binvec,1,0.2,dt,,388,1016,11667,1476,1638,21599,0.9144035184167125,0.8768883878241263,0.8876968728600776,0.8822595281306715
oscore-base,schc,,1024,p1,json,dns_message,binvec,1,0.2,dt,,389,1016,11585,1433,1711,21651,0.9135788894997251,0.8713146811070999,0.8899216469503765,0.8805198753515239
oscore-base,schc,,1024,p1,json,dns_message,binvec,1,0.2,dt,,390,1016,11779,1404,1649,21548,0.9160802638812534,0.8771969019958296,0.8934992035196845,0.8852730074029537
oscore-base,schc,,1024,p1,json,dns_message,binvec,1,0.2,dt,,391,1016,11741,1393,1613,21633,0.917372182517867,0.8792122210573611,0.8939393939393939,0.8865146481425551
oscore-base,schc,,1024,p1,json,dns_message,binvec,1,0.2,dt,,392,1016,11730,1365,1666,21619,0.9166849917537109,0.8756345177664975,0.8957617411225659,0.8855837831716432
oscore-base,schc,,1024,p1,json,dns_message,binvec,1,0.2,dt,,393,1016,11737,1441,1634,21568,0.915475536008796,0.8777952284795453,0.8906510851419032,0.8841764284907153
oscore-base,schc,,1024,p1,json,dns_message,binvec,1,0.2,dt,,394,1016,11766,1365,1711,21538,0.9154480483782298,0.8730429620835497,0.8960475211331963,0.8843956704750451
oscore-base,schc,,1024,p1,json,dns_message,binvec,1,0.2,dt,,395,1016,11730,1419,1672,21559,0.9150357339197361,0.875242501119236,0.892083048140543,0.8835825392640578
oscore-base,schc,,1024,p1,json,dns_message,binvec,1,0.2,dt,,396,1016,11668,1353,1613,21746,0.9184716877405168,0.8785483020856864,0.8960909300360955,0.8872329100448635
oscore-base,schc,,1024,p1,json,dns_message,binvec,1,0.2,dt,,397,1016,11684,1424,1669,21603,0.9149807586586036,0.8750093611922415,0.8913640524870308,0.8831109935376592
oscore-base,schc,,1024,p1,json,dns_message,binvec,1,0.2,dt,,398,1016,11668,1371,1655,21686,0.9168224299065421,0.8757787285145988,0.8948538998389447,0.8852135649798953
oscore-base,schc,,1024,p1,json,dns_message,binvec,1,0.2,dt,,399,1016,11762,1371,1674,21573,0.9163001649257834,0.8754093480202442,0.8956064874743014,0.8853927509503556
oscore-base,schc,,1024,p1,json,dns_message,binvec,1,0.2,dt,,400,1016,11723,1357,1722,21578,0.915365585486531,0.87192264782447,0.8962538226299694,0.8839208294062205
oscore-base,schc,,1024,p1,json,dns_message,binvec,1,0.2,dt,,401,1016,11842,1327,1702,21509,0.9167399670148433,0.8743354991139988,0.899233047308072,0.886609515966009
oscore-base,schc,,1024,p1,json,dns_message,binvec,1,0.2,dt,,402,1016,11682,1340,1733,21625,0.9155305112699286,0.8708162504658964,0.89709722008908,0.883761395014563
oscore-base,schc,,1024,p1,json,dns_message,binvec,1,0.2,dt,,403,1016,11799,1352,1690,21539,0.9163826278174821,0.8747127288902068,0.8971941297239754,0.8858108108108108
oscore-base,schc,,1024,p1,json,dns_message,binvec,1,0.2,dt,,404,1016,11590,1422,1724,21644,0.9135239142385926,0.8705122427519904,0.8907162619120812,0.8804983666337461
oscore-base,schc,,1024,p1,json,dns_message,binvec,1,0.2,dt,,405,1016,11799,1387,1713,21481,0.9147883452446399,0.8732238010657194,0.8948126801152738,0.8838864334407072
oscore-base,schc,,1024,p1,json,dns_message,binvec,1,0.2,dt,,406,1016,11862,1367,1631,21520,0.917592083562397,0.879122507967094,0.8966664146949883,0.8878077988174538
oscore-base,schc,,1024,p1,json,dns_message,binvec,1,0.2,dt,,407,1016,11686,1399,1649,21646,0.9162177020340847,0.8763404574428196,0.8930836836071838,0.8846328538985617
oscore-base,schc,,1024,p1,json,dns_message,binvec,1,0.2,dt,,408,1016,11815,1358,1685,21522,0.9163551401869159,0.8751851851851852,0.8969103469217339,0.8859145952836202
oscore-base,schc,,1024,p1,json,dns_message,binvec,1,0.2,dt,,409,1016,11867,1410,1688,21415,0.9148433205057724,0.8754703061600885,0.893801310537019,0.8845408467501491
oscore-base,schc,,1024,p1,json,dns_message,binvec,1,0.2,dt,,410,1016,11791,1362,1736,21491,0.9148433205057724,0.8716640792489095,0.8964494792062647,0.8838830584707646
oscore-base,schc,,1024,p1,json,dns_message,binvec,1,0.2,dt,,411,1016,11738,1381,1647,21614,0.9167674546454095,0.876951811729548,0.8947328302462078,0.885753093872623
oscore-base,schc,,1024,p1,json,dns_message,binvec,1,0.2,dt,,412,1016,11768,1404,1655,21553,0.915915338097856,0.8767041644937793,0.893410264196781,0.8849783793946231
oscore-base,schc,,1024,p1,json,dns_message,binvec,1,0.2,dt,,413,1016,11862,1340,1671,21507,0.9172347443650357,0.8765240523165595,0.8985002272382973,0.8873760987469609
oscore-base,schc,,1024,p1,json,dns_message,binvec,1,0.2,dt,,414,1016,11681,1395,1686,21618,0.9153106102253986,0.873868482082741,0.8933159987763842,0.883485232386643
oscore-base,schc,,1024,p1,json,dns_message,binvec,1,0.2,dt,,415,1016,11715,1388,1643,21634,0.9166849917537109,0.8770025452912112,0.8940700602915362,0.8854540644722422
oscore-base,schc,,1024,p1,json,dns_message,binvec,1,0.2,dt,,416,1016,11787,1380,1607,21606,0.9178944474986256,0.8800209048827833,0.8951925267714741,0.8875418847181958
oscore-base,schc,,1024,p1,json,dns_message,binvec,1,0.2,dt,,417,1016,11815,1345,1626,21594,0.9183342495876855,0.8790268581206755,0.8977963525835866,0.8883124694560355
oscore-base,schc,,1024,p1,json,dns_message,binvec,1,0.2,dt,,418,1016,11617,1397,1776,21590,0.912781748213304,0.8673934144702456,0.892654064853235,0.8798424660127996
oscore-base,schc,,1024,p1,json,dns_message,binvec,1,0.2,dt,,419,1016,11798,1419,1600,21563,0.9170148433205058,0.8805791909240185,0.8926382688961186,0.8865677249671238
oscore-base,schc,,1024,p1,json,dns_message,binvec,1,0.2,dt,,420,1016,11730,1362,1710,21578,0.9155579989004948,0.8727678571428571,0.8959670027497708,0.8842152872003618
oscore-base,schc,,1024,p1,json,dns_message,binvec,1,0.2,dt,,421,1016,11658,1356,1724,21642,0.9153380978559648,0.8711702286653714,0.8958045182111573,0.8833156538869525
oscore-base,schc,,1024,p1,json,dns_message,binvec,1,0.2,dt,,422,1016,11815,1359,1691,21515,0.9161627267729522,0.8747963867910559,0.8968422650675573,0.8856821589205397
oscore-base,schc,,1024,p1,json,dns_message,binvec,1,0.2,dt,,423,1016,11795,1301,1708,21576,0.9172897196261682,0.873509590461379,0.9006566890653634,0.8868754464453551
oscore-base,schc,,1024,p1,json,dns_message,binvec,1,0.2,dt,,424,1016,11861,1391,1724,21404,0.9143760307861463,0.8730953257269046,0.8950347117416239,0.8839289041249022
oscore-base,schc,,1024,p1,json,dns_message,binvec,1,0.2,dt,,425,1016,11828,1403,1673,21476,0.9154480483782298,0.8760832530923636,0.8939611518403748,0.8849319168038307
