scenario,protocol,l2,l2_mode,setup,data format,DNS format,blocksize,frames,requests,responses,blockwise frames,DNS frames,data frames,SCHC fragments,length μ [bytes],length σ [bytes],length min [bytes],length 0.05 quantile [bytes],length 0.25 quantile [bytes],length median [bytes],length 0.75 quantile [bytes],length 0.95 quantile [bytes],length max [bytes]
coap-d1_cbor_dns_cbor,coap,eth,none,d1,cbor,dns_cbor,1024,100820,50410,50410,0,50410,50373,0,182.6339615155723,166.93090431831465,58,77.0,107.0,120.0,177.0,551.0,1088
coap-d1_cbor_dns_cbor_b64,coap,eth,none,d1,cbor,dns_cbor,64,356930,178465,178465,339039,87297,227736,0,106.11392149721235,33.901177412851176,57,58.0,79.0,111.0,124.0,158.0,497
coap-d1_cbor_dns_message,coap,eth,none,d1,cbor,dns_message,1024,100818,50409,50409,0,50410,50371,0,200.00032732250193,163.13135950327833,58,81.0,124.0,138.0,204.0,551.0,1088
coap-d1_cbor_dns_message_b64,coap,eth,none,d1,cbor,dns_message,64,407386,203693,203693,398847,131891,227736,0,105.71102345195956,33.992583934929065,57,58.0,72.0,112.0,125.0,157.0,497
coap-d1_json_dns_cbor,coap,eth,none,d1,json,dns_cbor,1024,100820,50410,50410,0,50410,50373,0,195.513687760365,190.27167599668059,58,77.0,107.0,122.0,189.0,628.0,1089
coap-d1_json_dns_cbor_b64,coap,eth,none,d1,json,dns_cbor,64,397801,198901,198900,381034,87297,262047,0,106.37269137081104,33.842417956328326,57,58.0,79.0,111.0,124.0,158.0,497
coap-d1_json_dns_message,coap,eth,none,d1,json,dns_message,1024,100818,50409,50409,0,50410,50371,0,213.29558213811026,185.6701199228943,58,86.0,125.0,140.0,209.0,628.0,1090
coap-d1_json_dns_message_b64,coap,eth,none,d1,json,dns_message,64,448257,224129,224128,440842,131891,262047,0,105.91493272832327,33.93482677129418,57,58.0,74.0,113.0,125.0,157.0,497
coap-d2_cbor_dns_cbor,coap,eth,none,d2,cbor,dns_cbor,1024,100820,50410,50410,0,50410,50373,0,181.71000793493354,167.02787099364494,58,76.0,106.0,119.0,176.0,550.0,1087
coap-d2_cbor_dns_cbor_b64,coap,eth,none,d2,cbor,dns_cbor,64,356930,178465,178465,339039,87297,227736,0,105.86545821309501,33.93766663617036,57,58.0,79.0,110.0,124.0,158.0,497
coap-d2_cbor_dns_message,coap,eth,none,d2,cbor,dns_message,1024,100818,50409,50409,0,50410,50371,0,199.95195302426154,163.23454822043072,58,81.0,124.0,138.0,204.0,551.0,1088
coap-d2_cbor_dns_message_b64,coap,eth,none,d2,cbor,dns_message,64,407386,203693,203693,398847,131891,227736,0,105.62912078471032,34.04927213173892,57,58.0,71.0,112.0,125.0,158.0,497
coap-d2_json_dns_cbor,coap,eth,none,d2,json,dns_cbor,1024,100820,50410,50410,0,50410,50373,0,195.99693513191826,190.38819789271193,58,78.0,107.0,122.0,190.0,629.0,1090
coap-d2_json_dns_cbor_b64,coap,eth,none,d2,json,dns_cbor,64,397801,198901,198900,381034,87297,262047,0,106.1472117968532,33.87564206794085,57,58.0,79.0,110.0,124.0,158.0,497
coap-d2_json_dns_message,coap,eth,none,d2,json,dns_message,1024,100818,50409,50409,0,50410,50371,0,213.32927651808208,185.79691239383462,58,86.0,124.0,140.0,209.0,628.0,1090
coap-d2_json_dns_message_b64,coap,eth,none,d2,json,dns_message,64,448257,224129,224128,440842,131891,262047,0,105.85348137340856,33.987969783918786,57,58.0,74.0,113.0,125.0,158.0,497
coap-p1_cbor_dns_cbor,coap,eth,none,p1,cbor,dns_cbor,1024,100832,50422,50410,0,50410,50373,0,184.9707037448429,166.71273536632012,52,76.0,110.0,124.0,179.0,552.0,1093
coap-p1_cbor_dns_cbor_b64,coap,eth,none,p1,cbor,dns_cbor,64,273284,136673,136611,251171,86614,186563,0,117.23351897659578,75.11598066105925,52,75.0,86.0,117.0,124.0,153.0,1096
coap-p1_cbor_dns_message,coap,eth,none,p1,cbor,dns_message,1024,100834,50425,50409,0,50410,50371,0,202.41643691611955,162.73939450334498,52,81.0,128.0,142.0,207.0,552.0,1093
coap-p1_cbor_dns_message_b64,coap,eth,none,p1,cbor,dns_message,64,312032,156052,155980,299873,125346,186569,0,117.04240270228695,71.14837721654366,52,76.0,86.0,123.0,125.0,151.0,1096
coap-p1_json_dns_cbor,coap,eth,none,p1,json,dns_cbor,1024,100844,50435,50409,0,50410,50371,0,198.49851255404386,190.01589081183047,52,77.0,112.0,126.0,191.0,628.0,1095
coap-p1_json_dns_cbor_b64,coap,eth,none,p1,json,dns_cbor,64,301058,150563,150495,279868,86614,214328,0,118.10315620245933,79.1068078774182,52,76.0,87.0,118.0,124.0,155.0,1098
coap-p1_json_dns_message,coap,eth,none,p1,json,dns_message,1024,100942,50533,50409,0,50410,50371,0,215.79239563313587,185.24838723730707,52,86.0,130.0,144.0,211.0,628.0,1095
coap-p1_json_dns_message_b64,coap,eth,none,p1,json,dns_message,64,339906,170046,169860,328562,125346,214326,0,118.05114943543215,75.19697385727667,52,77.0,86.0,124.0,125.0,152.0,1098
coap-p2_cbor_dns_cbor,coap,eth,none,p2,cbor,dns_cbor,1024,100832,50422,50410,0,50410,50373,0,185.47456164709615,166.81545951739227,52,77.0,111.0,124.0,180.0,553.0,1094
coap-p2_cbor_dns_cbor_b64,coap,eth,none,p2,cbor,dns_cbor,64,273284,136673,136611,251171,86614,186563,0,117.02664627274191,75.14658491727907,52,75.0,86.0,116.0,124.0,153.0,1096
coap-p2_cbor_dns_message,coap,eth,none,p2,cbor,dns_message,1024,100830,50421,50409,0,50410,50371,0,202.74580977883568,162.85207628216997,52,81.0,128.0,142.0,207.0,553.0,1094
coap-p2_cbor_dns_message_b64,coap,eth,none,p2,cbor,dns_message,64,312036,156056,155980,299873,125346,186569,0,116.97534899819252,71.19008050454083,52,76.0,86.0,123.0,125.0,151.0,1096
coap-p2_json_dns_cbor,coap,eth,none,p2,json,dns_cbor,1024,100852,50442,50410,0,50410,50373,0,199.17150874548844,190.11687316868645,52,78.0,113.0,126.0,192.0,629.0,1096
coap-p2_json_dns_cbor_b64,coap,eth,none,p2,json,dns_cbor,64,301060,150568,150492,279862,86614,214322,0,118.08804557231117,79.1345333093495,52,76.0,87.0,117.0,124.0,155.0,1098
coap-p2_json_dns_message,coap,eth,none,p2,json,dns_message,1024,100956,50547,50409,0,50410,50371,0,215.86379214707398,185.3564425825352,52,86.0,129.0,144.0,211.0,628.0,1096
coap-p2_json_dns_message_b64,coap,eth,none,p2,json,dns_message,64,339882,170022,169860,328562,125346,214326,0,117.74561465449774,75.23716849246962,52,76.0,86.0,123.0,124.0,151.0,1098
coaps-d1_cbor_dns_cbor,coaps,eth,none,d1,cbor,dns_cbor,1024,100828,50409,50409,0,50410,50371,0,211.20296941325822,166.91571137525744,62,105.0,136.0,149.0,205.0,580.0,1117
coaps-d1_cbor_dns_cbor_b64,coaps,eth,none,d1,cbor,dns_cbor,64,273235,136613,136612,251174,86614,186566,0,142.8840155909748,74.90682206669582,62,99.0,111.0,141.0,153.0,176.0,1119
coaps-d1_cbor_dns_message,coaps,eth,none,d1,cbor,dns_message,1024,100831,50410,50410,0,50410,50373,0,228.42811238607175,163.11857834330257,62,109.0,153.0,167.0,233.0,579.0,1116
coaps-d1_cbor_dns_message_b64,coaps,eth,none,d1,cbor,dns_message,64,311969,155980,155979,299872,125346,186568,0,143.0970897749456,71.04483006010327,62,100.0,109.0,149.0,153.0,174.0,1119
coaps-d1_json_dns_cbor,coaps,eth,none,d1,json,dns_cbor,1024,100831,50410,50410,0,50410,50373,0,224.8496295782051,190.26895724025894,62,106.0,136.0,151.0,218.0,657.0,1119
coaps-d1_json_dns_cbor_b64,coaps,eth,none,d1,json,dns_cbor,64,300999,150495,150494,279867,86614,214327,0,144.27263545726066,78.92038766972097,62,100.0,112.0,142.0,153.0,178.0,1121
coaps-d1_json_dns_message,coaps,eth,none,d1,json,dns_message,1024,100828,50409,50409,0,50410,50371,0,242.169615582973,185.66697062220885,62,115.0,154.0,169.0,238.0,657.0,1119
coaps-d1_json_dns_message_b64,coaps,eth,none,d1,json,dns_message,64,339731,169861,169860,328563,125346,214327,0,143.7742301997757,75.10334614291118,62,100.0,109.0,151.0,153.0,175.0,1121
coaps-d2_cbor_dns_cbor,coaps,eth,none,d2,cbor,dns_cbor,1024,100971,50410,50410,0,50410,50373,0,210.62608075586058,166.96599722033193,62,105.0,135.0,148.0,205.0,579.0,1116
coaps-d2_cbor_dns_cbor_b64,coaps,eth,none,d2,cbor,dns_cbor,64,273795,136613,136612,251174,86614,186566,0,142.80670209463284,74.90914663127188,62,98.0,111.0,140.0,153.0,176.0,1119
coaps-d2_cbor_dns_message,coaps,eth,none,d2,cbor,dns_message,1024,100925,50410,50410,0,50410,50373,0,228.74142184790685,163.20833821558472,62,110.0,153.0,167.0,233.0,580.0,1117
coaps-d2_cbor_dns_message_b64,coaps,eth,none,d2,cbor,dns_message,64,312423,155980,155979,299872,125346,186568,0,142.89968088136916,71.07367643817079,62,100.0,109.0,149.0,154.0,174.0,1119
coaps-d2_json_dns_cbor,coaps,eth,none,d2,json,dns_cbor,1024,101009,50410,50410,0,50410,50373,0,224.52769555188152,190.29728421449545,62,106.0,136.0,151.0,218.0,657.0,1119
coaps-d2_json_dns_cbor_b64,coaps,eth,none,d2,json,dns_cbor,64,303241,150495,150494,279867,86614,214327,0,143.59500859052702,78.8006830892918,62,99.0,111.0,141.0,153.0,177.0,1121
coaps-d2_json_dns_message,coaps,eth,none,d2,json,dns_message,1024,101042,50410,50410,0,50410,50373,0,241.42543694701214,185.71015450253935,62,114.0,153.0,168.0,238.0,656.0,1118
coaps-d2_json_dns_message_b64,coaps,eth,none,d2,json,dns_message,64,341241,169861,169860,328563,125346,214327,0,143.6690608690046,75.07047290858974,62,100.0,109.0,150.0,153.0,174.0,1121
coaps-p1_cbor_dns_cbor,coaps,eth,none,p1,cbor,dns_cbor,1024,100850,50431,50409,0,50410,50371,0,215.30324243926623,166.67589017554857,62,106.0,141.0,155.0,209.0,582.0,1124
coaps-p1_cbor_dns_cbor_b64,coaps,eth,none,p1,cbor,dns_cbor,64,273688,137066,136612,251173,86614,186565,0,146.38515755166466,75.1483248188398,62,103.0,116.0,146.0,153.0,183.0,1126
coaps-p1_cbor_dns_message,coaps,eth,none,p1,cbor,dns_message,1024,100868,50448,50410,0,50410,50373,0,232.25117975968593,162.67839404133628,62,110.0,158.0,172.0,236.0,581.0,1124
coaps-p1_cbor_dns_message_b64,coaps,eth,none,p1,cbor,dns_message,64,313712,157724,155978,299869,125346,186565,0,146.20894642219616,71.14792638562521,62,102.0,116.0,151.0,154.0,181.0,1126
coaps-p1_json_dns_cbor,coaps,eth,none,p1,json,dns_cbor,1024,100861,50440,50410,0,50410,50373,0,228.761909955285,189.97524825223832,62,107.0,143.0,157.0,221.0,658.0,1126
coaps-p1_json_dns_cbor_b64,coaps,eth,none,p1,json,dns_cbor,64,302943,152439,150494,279867,86614,214327,0,147.24284766441212,79.07596784886809,62,105.0,116.0,147.0,153.0,184.0,1128
coaps-p1_json_dns_message,coaps,eth,none,p1,json,dns_message,1024,100966,50547,50409,0,50410,50371,0,245.62263534259057,185.18420127594726,62,115.0,160.0,175.0,241.0,657.0,1126
coaps-p1_json_dns_message_b64,coaps,eth,none,p1,json,dns_message,64,339984,170114,169860,328562,125346,214326,0,147.45192714951293,75.22273096111924,62,106.0,116.0,152.0,154.0,182.0,1128
coaps-p2_cbor_dns_cbor,coaps,eth,none,p2,cbor,dns_cbor,1024,100844,50425,50409,0,50410,50371,0,214.5693050652493,166.78028939566414,62,106.0,140.0,154.0,209.0,582.0,1124
coaps-p2_cbor_dns_cbor_b64,coaps,eth,none,p2,cbor,dns_cbor,64,273672,137050,136612,251173,86614,186565,0,146.53090560963489,75.17867237126904,62,103.0,116.0,146.0,153.0,183.0,1126
coaps-p2_cbor_dns_message,coaps,eth,none,p2,cbor,dns_message,1024,100870,50450,50410,0,50410,50373,0,232.46823634380885,162.78010680465093,62,110.0,158.0,172.0,237.0,582.0,1124
coaps-p2_cbor_dns_message_b64,coaps,eth,none,p2,cbor,dns_message,64,313892,157904,155978,299869,125346,186565,0,145.84734876964052,71.18459361106393,62,102.0,116.0,151.0,153.0,181.0,1126
coaps-p2_json_dns_cbor,coaps,eth,none,p2,json,dns_cbor,1024,100869,50448,50410,0,50410,50373,0,228.4159652618743,190.0789535294888,62,106.0,142.0,156.0,220.0,658.0,1126
coaps-p2_json_dns_cbor_b64,coaps,eth,none,p2,json,dns_cbor,64,302829,152325,150494,279867,86614,214327,0,147.26112426484914,79.106993322954,62,105.0,116.0,147.0,153.0,185.0,1128
coaps-p2_json_dns_message,coaps,eth,none,p2,json,dns_message,1024,100934,50515,50409,0,50410,50371,0,245.28727683436702,185.29160282042534,62,115.0,159.0,174.0,241.0,657.0,1126
coaps-p2_json_dns_message_b64,coaps,eth,none,p2,json,dns_message,64,339986,170116,169860,328562,125346,214326,0,147.10329542981182,75.26172338370272,62,106.0,116.0,152.0,153.0,181.0,1128
coaps-schc-d1_cbor_dns_cbor,coaps,schc,none,d1,cbor,dns_cbor,1024,166838,75223,91605,0,56756,110035,95725,94.70335295316414,34.4249308863584,2,27.0,74.0,101.0,127.0,127.0,127
coaps-schc-d1_cbor_dns_cbor_b64,coaps,schc,none,d1,cbor,dns_cbor,64,299017,162394,136613,276956,86620,212342,37628,79.13184534658565,26.482498351710284,2,42.0,54.0,85.0,96.0,127.0,127
coaps-schc-d1_cbor_dns_message,coaps,schc,none,d1,cbor,dns_message,1024,178852,75351,103491,0,68805,110000,118649,98.57214344821416,35.55369248480532,2,21.0,82.0,111.0,127.0,127.0,127
coaps-schc-d1_cbor_dns_message_b64,coaps,schc,none,d1,cbor,dns_message,64,338083,182095,155978,325986,125737,212291,38307,79.60233138016405,27.42809695130977,2,42.0,52.0,94.0,97.0,127.0,127
coaps-schc-d1_json_dns_cbor,coaps,schc,none,d1,json,dns_cbor,1024,178188,79463,98715,0,56762,121379,109610,96.52609042135273,34.37434267885203,2,26.0,76.0,107.0,127.0,127.0,127
coaps-schc-d1_json_dns_cbor_b64,coaps,schc,none,d1,json,dns_cbor,64,331253,180749,150494,310121,86620,244575,43824,79.57176538778516,26.557060911055494,2,42.0,55.0,86.0,96.0,127.0,127
coaps-schc-d1_json_dns_message,coaps,schc,none,d1,json,dns_message,1024,190227,79603,110613,0,68815,121364,132572,100.0526739106436,35.28499168672682,2,21.0,86.0,118.0,127.0,127.0,127
coaps-schc-d1_json_dns_message_b64,coaps,schc,none,d1,json,dns_message,64,370387,200520,169857,359219,125771,244558,44640,80.04951037698407,27.40345261742799,2,42.0,52.0,95.0,97.0,127.0,127
coaps-schc-d2-min-rules_cbor_dns_cbor,coaps,schc,min-rules,d2,cbor,dns_cbor,1024,167355,75317,91922,0,56811,110391,96350,94.70968300917212,34.47753037467539,2,28.0,74.0,102.0,127.0,127.0,127
coaps-schc-d2-min-rules_cbor_dns_cbor_b64,coaps,schc,min-rules,d2,cbor,dns_cbor,64,299576,162328,136614,276891,86620,212277,37506,78.62799089379656,26.66731854057637,2,41.0,54.0,84.0,96.0,127.0,127
coaps-schc-d2-min-rules_cbor_dns_message,coaps,schc,min-rules,d2,cbor,dns_message,1024,178953,75329,103460,0,68792,109960,118549,98.32445949495118,35.603270074897125,2,20.0,82.0,110.0,127.0,127.0,127
coaps-schc-d2-min-rules_cbor_dns_message_b64,coaps,schc,min-rules,d2,cbor,dns_message,64,338768,181936,155978,325827,125529,212340,37982,79.48789732206112,27.56723180148638,2,42.0,52.0,93.0,97.0,127.0,127
coaps-schc-d2-min-rules_json_dns_cbor,coaps,schc,min-rules,d2,json,dns_cbor,1024,178333,79459,98698,0,56752,121368,109567,96.30034822494996,34.47134048236569,2,26.0,76.0,107.0,127.0,127.0,127
coaps-schc-d2-min-rules_json_dns_cbor_b64,coaps,schc,min-rules,d2,json,dns_cbor,64,334122,180742,150492,310112,86620,244566,43810,78.94052471851599,27.04456909477604,2,41.0,54.0,85.0,96.0,127.0,127
coaps-schc-d2-min-rules_json_dns_message,coaps,schc,min-rules,d2,json,dns_message,1024,190378,79595,110606,0,68805,121359,132536,99.85909086133903,35.31611344362163,2,21.0,85.0,118.0,127.0,127.0,127
coaps-schc-d2-min-rules_json_dns_message_b64,coaps,schc,min-rules,d2,json,dns_message,64,371752,200230,169860,358932,125522,244520,44055,79.57095590608793,27.65153836992368,2,42.0,52.0,95.0,96.0,127.0,127
coaps-schc-d2-peer-based_cbor_dns_cbor,coaps,schc,peer-based,d2,cbor,dns_cbor,1024,166987,75236,91635,0,56764,110070,95800,94.53078383347207,34.504141728903065,2,27.0,74.0,101.0,127.0,127.0,127
coaps-schc-d2-peer-based_cbor_dns_cbor_b64,coaps,schc,peer-based,d2,cbor,dns_cbor,64,299157,162341,136614,276904,86620,212290,37529,78.78660034697499,26.58905513389611,2,41.0,54.0,84.0,96.0,127.0,127
coaps-schc-d2-peer-based_cbor_dns_message,coaps,schc,peer-based,d2,cbor,dns_message,1024,179027,75357,103506,0,68809,110017,118684,98.38593061381803,35.59378668262888,2,20.0,82.0,110.0,127.0,127.0,127
coaps-schc-d2-peer-based_cbor_dns_message_b64,coaps,schc,peer-based,d2,cbor,dns_message,64,338787,181953,155978,325844,125532,212354,38012,79.55323551375939,27.56534238192094,2,42.0,52.0,93.0,97.0,127.0,127
coaps-schc-d2-peer-based_json_dns_cbor,coaps,schc,peer-based,d2,json,dns_cbor,1024,178532,79531,98825,0,56798,121521,109934,96.47708534044317,34.41492439416191,2,26.0,76.0,107.0,127.0,127.0,127
coaps-schc-d2-peer-based_json_dns_cbor_b64,coaps,schc,peer-based,d2,json,dns_cbor,64,334071,180703,150492,310073,86620,244527,43737,78.84770901993888,27.05363186982768,2,41.0,54.0,85.0,96.0,127.0,127
coaps-schc-d2-peer-based_json_dns_message,coaps,schc,peer-based,d2,json,dns_message,1024,190542,79652,110710,0,68842,121483,132829,99.97433636678528,35.29456194159307,2,21.0,86.0,118.0,127.0,127.0,127
coaps-schc-d2-peer-based_json_dns_message_b64,coaps,schc,peer-based,d2,json,dns_message,64,371852,200330,169860,359032,125532,244610,44243,79.80873573357142,27.64000803531014,2,42.0,52.0,95.0,97.0,127.0,127
coaps-schc-d2_cbor_dns_cbor,coaps,schc,none,d2,cbor,dns_cbor,1024,166823,75185,91522,0,56726,109944,95520,94.41570406958273,34.53284997663575,2,27.0,74.0,101.0,127.0,127.0,127
coaps-schc-d2_cbor_dns_cbor_b64,coaps,schc,none,d2,cbor,dns_cbor,64,299511,162347,136614,276910,86620,212296,37539,78.74859354080485,26.643727064047813,2,41.0,54.0,84.0,96.0,127.0,127
coaps-schc-d2_cbor_dns_message,coaps,schc,none,d2,cbor,dns_message,1024,179326,75447,103715,0,68870,110255,119196,98.60450241459688,35.536523870338215,2,21.0,83.0,111.0,127.0,127.0,127
coaps-schc-d2_cbor_dns_message_b64,coaps,schc,none,d2,cbor,dns_message,64,338751,181917,155978,325808,125527,212323,37945,79.41957071713442,27.577173533831395,2,42.0,52.0,93.0,97.0,127.0,127
coaps-schc-d2_json_dns_cbor,coaps,schc,none,d2,json,dns_cbor,1024,178678,79581,98921,0,56814,121651,110195,96.54668174033736,34.40113554076664,2,25.0,77.0,108.0,127.0,127.0,127
coaps-schc-d2_json_dns_cbor_b64,coaps,schc,none,d2,json,dns_cbor,64,332842,180684,150494,310056,86620,244510,43702,78.96838740303207,26.882980305118693,2,41.0,54.0,85.0,96.0,127.0,127
coaps-schc-d2_json_dns_message,coaps,schc,none,d2,json,dns_message,1024,190303,79566,110557,0,68792,121294,132406,99.78217369142894,35.3690257826502,2,21.0,85.0,117.0,127.0,127.0,127
coaps-schc-d2_json_dns_message_b64,coaps,schc,none,d2,json,dns_message,64,371743,200221,169860,358923,125521,244512,44042,79.52614575123137,27.659459163465005,2,42.0,52.0,95.0,96.0,127.0,127
coaps-schc-p1_cbor_dns_cbor,coaps,schc,none,p1,cbor,dns_cbor,1024,168267,76469,91788,0,56819,111383,98034,96.39047466229266,34.281132366826824,2,27.0,77.0,103.0,127.0,127.0,127
coaps-schc-p1_cbor_dns_cbor_b64,coaps,schc,none,p1,cbor,dns_cbor,64,301313,164689,136614,278797,86659,214144,40900,81.64387862455321,25.79926786018711,2,41.0,59.0,90.0,96.0,127.0,127
coaps-schc-p1_cbor_dns_message,coaps,schc,none,p1,cbor,dns_message,1024,180649,77153,103485,0,69418,111151,121726,99.59203206217582,36.06667763234494,2,19.0,83.0,115.0,127.0,127.0,127
coaps-schc-p1_cbor_dns_message_b64,coaps,schc,none,p1,cbor,dns_message,64,342546,186559,155977,328447,126323,214166,42829,82.04538368569477,26.908327956805525,2,39.0,59.0,95.0,97.0,127.0,127
coaps-schc-p1_json_dns_cbor,coaps,schc,none,p1,json,dns_cbor,1024,179483,80845,98628,0,56737,122651,111813,97.67551244407548,34.31281207299685,2,25.0,79.0,109.0,127.0,127.0,127
coaps-schc-p1_json_dns_cbor_b64,coaps,schc,none,p1,json,dns_cbor,64,335086,184584,150492,311970,86663,246381,47255,82.02728851697773,25.874812305688405,2,40.0,59.0,91.0,96.0,127.0,127
coaps-schc-p1_json_dns_message,coaps,schc,none,p1,json,dns_message,1024,192827,82040,110777,0,69561,123099,137184,100.93861336845981,35.87914304664884,2,20.0,87.0,121.0,127.0,127.0,127
coaps-schc-p1_json_dns_message_b64,coaps,schc,none,p1,json,dns_message,64,372994,203127,169857,361572,126323,246359,49071,82.75919987989083,26.435271183053537,2,42.0,59.0,95.0,97.0,127.0,127
coaps-schc-p2_cbor_dns_cbor,coaps,schc,none,p2,cbor,dns_cbor,1024,167984,76408,91566,0,56750,111147,97507,95.97202709781884,34.374018107048954,2,27.0,76.0,103.0,127.0,127.0,127
coaps-schc-p2_cbor_dns_cbor_b64,coaps,schc,none,p2,cbor,dns_cbor,64,301297,164673,136614,278797,86631,214172,40907,81.56750979930102,25.82118550687507,2,41.0,59.0,90.0,96.0,127.0,127
coaps-schc-p2_cbor_dns_message,coaps,schc,none,p2,cbor,dns_message,1024,180562,77099,103451,0,69368,111103,121543,99.42546604490424,36.035616185889715,2,19.0,83.0,115.0,127.0,127.0,127
coaps-schc-p2_cbor_dns_message_b64,coaps,schc,none,p2,cbor,dns_message,64,342499,186511,155978,328404,126266,214180,42739,81.8853982055422,26.95542088700001,2,39.0,59.0,95.0,97.0,127.0,127
coaps-schc-p2_json_dns_cbor,coaps,schc,none,p2,json,dns_cbor,1024,179924,81089,98825,0,56809,123032,112677,97.71113358973788,34.32697892258633,2,25.0,79.0,109.0,127.0,127.0,127
coaps-schc-p2_json_dns_cbor_b64,coaps,schc,none,p2,json,dns_cbor,64,335058,184556,150492,311912,86631,246355,47142,81.80174775710474,25.915108144955834,2,40.0,59.0,91.0,96.0,127.0,127
coaps-schc-p2_json_dns_message,coaps,schc,none,p2,json,dns_message,1024,192174,81611,110553,0,69368,122651,135956,100.6983983265166,35.788522339258684,2,19.0,86.0,120.0,127.0,127.0,127
coaps-schc-p2_json_dns_message_b64,coaps,schc,none,p2,json,dns_message,64,372905,203035,169860,361521,126266,246365,48957,82.6097317011035,26.476905239641475,2,42.0,59.0,95.0,97.0,127.0,127
https-d1_cbor_dns_cbor,https,eth,none,d1,cbor,dns_cbor,1024,252965,151232,50548,0,100820,100820,0,181.62515763050223,127.9544405532503,72,72.0,141.0,173.0,189.0,381.0,1117
https-d1_cbor_dns_message,https,eth,none,d1,cbor,dns_message,1024,252954,151232,50560,0,100820,100820,0,188.46989571226388,131.1414188939485,72,72.0,141.0,173.0,205.0,397.0,1117
https-d1_json_dns_cbor,https,eth,none,d1,json,dns_cbor,1024,253378,151232,50562,0,100820,100820,0,186.94114721877986,143.57658645907466,72,72.0,141.0,173.0,189.0,429.0,1149
https-d1_json_dns_message,https,eth,none,d1,json,dns_message,1024,253404,151233,50574,0,100820,100820,0,193.71200928162145,146.1767667963468,72,72.0,141.0,173.0,205.0,445.0,1149
https-d2_cbor_dns_cbor,https,eth,none,d2,cbor,dns_cbor,1024,253054,151234,50549,0,100820,100820,0,181.31428469812766,127.9825566220762,72,72.0,141.0,157.0,189.0,381.0,1117
https-d2_cbor_dns_message,https,eth,none,d2,cbor,dns_message,1024,253035,151234,50562,0,100820,100820,0,188.09526745311913,131.19263855813298,72,72.0,141.0,157.0,205.0,397.0,1117
https-d2_json_dns_cbor,https,eth,none,d2,json,dns_cbor,1024,253493,151234,50563,0,100820,100820,0,186.57376337808145,143.6113555497213,72,72.0,141.0,173.0,189.0,429.0,1149
https-d2_json_dns_message,https,eth,none,d2,json,dns_message,1024,253489,151234,50576,0,100820,100820,0,193.334937610705,146.23193022268097,72,72.0,141.0,173.0,205.0,445.0,1149
https-p1_cbor_dns_cbor,https,eth,none,p1,cbor,dns_cbor,1024,307845,151232,50412,0,100820,100820,0,162.0601276616479,123.35978725571017,72,72.0,72.0,141.0,189.0,333.0,1117
https-p1_cbor_dns_message,https,eth,none,p1,cbor,dns_message,1024,306214,151232,50412,0,100820,100820,0,168.19621571841915,127.12555963449593,72,72.0,72.0,141.0,205.0,365.0,1117
https-p1_json_dns_cbor,https,eth,none,p1,json,dns_cbor,1024,310009,151232,50412,0,100820,100820,0,165.903560864362,137.20502990870773,72,72.0,72.0,141.0,189.0,349.0,1149
https-p1_json_dns_message,https,eth,none,p1,json,dns_message,1024,307391,151233,50412,0,100820,100820,0,172.3205656639264,140.58837675145273,72,72.0,72.0,141.0,205.0,381.0,1149
https-p2_cbor_dns_cbor,https,eth,none,p2,cbor,dns_cbor,1024,307922,151232,50411,0,100820,100819,0,162.03578828404596,123.3544491548997,72,72.0,72.0,141.0,189.0,333.0,1117
https-p2_cbor_dns_message,https,eth,none,p2,cbor,dns_message,1024,306400,151232,50412,0,100820,100820,0,168.07535248041776,127.11149288714951,72,72.0,72.0,141.0,205.0,365.0,1117
https-p2_json_dns_cbor,https,eth,none,p2,json,dns_cbor,1024,309569,151232,50412,0,100820,100820,0,165.98655227106073,137.2619176954783,72,72.0,72.0,141.0,189.0,349.0,1149
https-p2_json_dns_message,https,eth,none,p2,json,dns_message,1024,307314,151233,50412,0,100820,100820,0,172.26039815953715,140.60542461951565,72,72.0,72.0,141.0,205.0,381.0,1149
oscore-base-d1_cbor_dns_cbor,oscore-base,eth,none,d1,cbor,dns_cbor,1024,100820,50410,50410,0,0,0,0,194.99970243999206,166.7799697724283,69,87.0,120.0,134.0,189.0,563.0,1102
oscore-base-d1_cbor_dns_cbor_b64,oscore-base,eth,none,d1,cbor,dns_cbor,64,356925,178463,178462,0,0,0,0,119.36023534355957,34.50544716415599,68,69.0,92.0,125.0,135.0,174.0,513
oscore-base-d1_cbor_dns_message,oscore-base,eth,none,d1,cbor,dns_message,1024,100818,50409,50409,0,0,0,0,213.30731615386142,162.863178966794,69,93.0,139.0,153.0,218.0,564.0,1103
oscore-base-d1_cbor_dns_message_b64,oscore-base,eth,none,d1,cbor,dns_message,64,407383,203692,203691,0,0,0,0,118.98495518958818,34.437854145847304,68,69.0,88.0,126.0,136.0,172.0,513
oscore-base-d1_json_dns_cbor,oscore-base,eth,none,d1,json,dns_cbor,1024,100818,50409,50409,0,0,0,0,208.69330873455138,190.09940655545307,69,88.0,122.0,136.0,201.0,639.0,1105
oscore-base-d1_json_dns_cbor_b64,oscore-base,eth,none,d1,json,dns_cbor,64,397808,198904,198904,0,0,0,0,119.57967411414552,34.439670734385444,68,69.0,93.0,126.0,135.0,174.0,513
oscore-base-d1_json_dns_message,oscore-base,eth,none,d1,json,dns_message,1024,100818,50409,50409,0,0,0,0,226.39038663730682,185.40876821513214,69,97.0,139.0,154.0,222.0,639.0,1105
oscore-base-d1_json_dns_message_b64,oscore-base,eth,none,d1,json,dns_message,64,448257,224129,224128,0,0,0,0,119.3270512228476,34.38884956419064,68,69.0,88.0,127.0,136.0,173.0,513
oscore-base-d2_cbor_dns_cbor,oscore-base,eth,none,d2,cbor,dns_cbor,1024,100820,50410,50410,0,0,0,0,195.67553064868082,166.8803685464065,69,88.0,121.0,134.0,190.0,564.0,1103
oscore-base-d2_cbor_dns_cbor_b64,oscore-base,eth,none,d2,cbor,dns_cbor,64,356928,178464,178464,0,0,0,0,119.2047135556751,34.523149091531266,68,69.0,92.0,124.0,135.0,174.0,513
oscore-base-d2_cbor_dns_message,oscore-base,eth,none,d2,cbor,dns_message,1024,100818,50409,50409,0,0,0,0,212.18681187883115,162.9666629325857,69,92.0,137.0,151.0,217.0,563.0,1102
oscore-base-d2_cbor_dns_message_b64,oscore-base,eth,none,d2,cbor,dns_message,64,407383,203692,203691,0,0,0,0,118.81261613763952,34.47927388374509,68,69.0,87.0,126.0,136.0,173.0,513
oscore-base-d2_json_dns_cbor,oscore-base,eth,none,d2,json,dns_cbor,1024,100818,50409,50409,0,0,0,0,208.84265706520662,190.21924323117906,69,88.0,121.0,135.0,202.0,640.0,1105
oscore-base-d2_json_dns_cbor_b64,oscore-base,eth,none,d2,json,dns_cbor,64,397808,198904,198904,0,0,0,0,119.59063920283151,34.460933533447594,68,69.0,93.0,125.0,135.0,174.0,513
oscore-base-d2_json_dns_message,oscore-base,eth,none,d2,json,dns_message,1024,100818,50409,50409,0,0,0,0,225.73890575095717,185.51157541424539,69,97.0,138.0,153.0,221.0,639.0,1104
oscore-base-d2_json_dns_message_b64,oscore-base,eth,none,d2,json,dns_message,64,448260,224130,224130,0,0,0,0,119.08110471601303,34.43265045695231,68,69.0,87.0,127.0,136.0,173.0,513
oscore-base-p1_cbor_dns_cbor,oscore-base,eth,none,p1,cbor,dns_cbor,1024,101228,50819,50409,0,0,0,0,197.36394080689138,166.5257961819268,52,86.0,124.0,139.0,191.0,562.0,1108
oscore-base-p1_cbor_dns_cbor_b64,oscore-base,eth,none,p1,cbor,dns_cbor,64,273830,137217,136613,0,0,0,0,129.96733009531462,75.3553109653927,52,84.0,102.0,131.0,135.0,168.0,1112
oscore-base-p1_cbor_dns_message,oscore-base,eth,none,p1,cbor,dns_message,1024,101022,50613,50409,0,0,0,0,215.2196452257924,162.5194686634754,52,90.0,142.0,157.0,219.0,563.0,1109
oscore-base-p1_cbor_dns_message_b64,oscore-base,eth,none,p1,cbor,dns_message,64,312605,156627,155978,0,0,0,0,130.11009100942084,71.32759338506337,52,86.0,101.0,134.0,136.0,167.0,1112
oscore-base-p1_json_dns_cbor,oscore-base,eth,none,p1,json,dns_cbor,1024,100938,50529,50409,0,0,0,0,211.65824565574908,189.85423774680186,52,88.0,127.0,140.0,202.0,640.0,1111
oscore-base-p1_json_dns_cbor_b64,oscore-base,eth,none,p1,json,dns_cbor,64,301480,150987,150493,0,0,0,0,131.1679083189598,79.32531724914105,52,88.0,102.0,132.0,135.0,170.0,1114
oscore-base-p1_json_dns_message,oscore-base,eth,none,p1,json,dns_message,1024,101917,51509,50408,0,0,0,0,227.63591942462983,184.9557304927398,52,88.0,144.0,159.0,222.0,634.0,1111
oscore-base-p1_json_dns_message_b64,oscore-base,eth,none,p1,json,dns_message,64,340126,170267,169859,0,0,0,0,131.21656974180158,75.36127467545444,52,88.0,102.0,134.0,136.0,167.0,1114
oscore-base-p2_cbor_dns_cbor,oscore-base,eth,none,p2,cbor,dns_cbor,1024,101226,50817,50409,0,0,0,0,197.1152865864501,166.62149440182026,52,86.0,123.0,138.0,191.0,562.0,1108
oscore-base-p2_cbor_dns_cbor_b64,oscore-base,eth,none,p2,cbor,dns_cbor,64,273878,137265,136613,0,0,0,0,130.07337573664185,75.37788248321003,52,85.0,101.0,131.0,135.0,168.0,1112
oscore-base-p2_cbor_dns_message,oscore-base,eth,none,p2,cbor,dns_message,1024,101030,50621,50409,0,0,0,0,215.77745224190835,162.62053694012658,52,91.0,143.0,157.0,219.0,564.0,1109
oscore-base-p2_cbor_dns_message_b64,oscore-base,eth,none,p2,cbor,dns_message,64,312703,156725,155978,0,0,0,0,129.62959101767493,71.36299588952386,52,86.0,101.0,134.0,135.0,166.0,1112
oscore-base-p2_json_dns_cbor,oscore-base,eth,none,p2,json,dns_cbor,1024,100972,50563,50409,0,0,0,0,211.01320167967359,189.94449788246928,52,88.0,126.0,139.0,202.0,639.0,1110
oscore-base-p2_json_dns_cbor_b64,oscore-base,eth,none,p2,json,dns_cbor,64,301426,150933,150493,0,0,0,0,130.83819245851387,79.34851381076417,52,88.0,102.0,131.0,135.0,170.0,1114
oscore-base-p2_json_dns_message,oscore-base,eth,none,p2,json,dns_message,1024,101888,51480,50408,0,0,0,0,226.88260639133165,185.043737933957,52,87.0,143.0,158.0,222.0,634.0,1110
oscore-base-p2_json_dns_message_b64,oscore-base,eth,none,p2,json,dns_message,64,340160,170301,169859,0,0,0,0,130.93171742709313,75.39747758770439,52,88.0,101.0,135.0,136.0,166.0,1114
oscore-base-schc-d1_cbor_dns_cbor,oscore-base,schc,none,d1,cbor,dns_cbor,1024,161295,72378,88917,0,0,0,86964,87.97228680368269,37.1505411783825,6,23.0,59.0,90.0,127.0,127.0,127
oscore-base-schc-d1_cbor_dns_cbor_b64,oscore-base,schc,none,d1,cbor,dns_cbor,64,366633,188173,178460,0,0,0,19410,60.83241552178882,30.895040587460176,6,19.0,32.0,63.0,85.0,110.0,127
oscore-base-schc-d1_cbor_dns_message,oscore-base,schc,none,d1,cbor,dns_message,1024,170697,72314,98383,0,0,0,104883,93.49509364546536,36.25914918333404,6,22.0,72.0,99.0,127.0,127.0,127
oscore-base-schc-d1_cbor_dns_message_b64,oscore-base,schc,none,d1,cbor,dns_message,64,417123,213431,203692,0,0,0,19462,60.71475320229285,31.613296864515938,6,19.0,28.0,65.0,85.0,108.0,127
oscore-base-schc-d1_json_dns_cbor,oscore-base,schc,none,d1,json,dns_cbor,1024,172523,75946,96577,0,0,0,100717,90.45279180167282,37.10433922505435,6,26.0,60.0,96.0,127.0,127.0,127
oscore-base-schc-d1_json_dns_cbor_b64,oscore-base,schc,none,d1,json,dns_cbor,64,408048,209148,198900,0,0,0,20478,61.392247970826965,31.02404069700109,6,19.0,32.0,63.0,85.0,110.0,127
oscore-base-schc-d1_json_dns_message,oscore-base,schc,none,d1,json,dns_message,1024,181964,75894,106070,0,0,0,118714,95.49520784330967,35.992694722920355,6,24.0,74.0,109.0,127.0,127.0,127
oscore-base-schc-d1_json_dns_message_b64,oscore-base,schc,none,d1,json,dns_message,64,458475,234347,224128,0,0,0,20422,61.08846283875893,31.670666981850367,6,19.0,29.0,66.0,85.0,109.0,127
oscore-base-schc-d2-min-rules_cbor_dns_cbor,oscore-base,schc,min-rules,d2,cbor,dns_cbor,1024,161312,72428,88884,0,0,0,87009,88.04202415195398,37.14231482049229,6,23.0,59.0,90.0,127.0,127.0,127
oscore-base-schc-d2-min-rules_cbor_dns_cbor_b64,oscore-base,schc,min-rules,d2,cbor,dns_cbor,64,366793,188329,178464,0,0,0,19714,61.0752113589954,30.934004550465012,7,19.0,32.0,63.0,85.0,111.0,127
oscore-base-schc-d2-min-rules_cbor_dns_message,oscore-base,schc,min-rules,d2,cbor,dns_message,1024,170797,72411,98386,0,0,0,105066,93.70016452279607,36.206638267223276,6,22.0,73.0,100.0,127.0,127.0,127
oscore-base-schc-d2-min-rules_cbor_dns_message_b64,oscore-base,schc,min-rules,d2,cbor,dns_message,64,417282,213591,203691,0,0,0,19786,61.16074501176662,31.617457627564253,7,19.0,28.0,66.0,86.0,110.0,127
oscore-base-schc-d2-min-rules_json_dns_cbor,oscore-base,schc,min-rules,d2,json,dns_cbor,1024,172395,75949,96446,0,0,0,100522,90.34188926592999,37.2045404659928,6,25.0,60.0,96.0,127.0,127.0,127
oscore-base-schc-d2-min-rules_json_dns_cbor_b64,oscore-base,schc,min-rules,d2,json,dns_cbor,64,408250,209350,198900,0,0,0,20882,61.776538885486836,31.05530923254358,7,19.0,33.0,64.0,85.0,111.0,127
oscore-base-schc-d2-min-rules_json_dns_message,oscore-base,schc,min-rules,d2,json,dns_message,1024,182072,75979,106093,0,0,0,118912,95.72950810668307,35.908602704814534,6,24.0,75.0,110.0,127.0,127.0,127
oscore-base-schc-d2-min-rules_json_dns_message_b64,oscore-base,schc,min-rules,d2,json,dns_message,64,458666,234538,224128,0,0,0,20804,61.343871139347584,31.691935458142957,7,19.0,29.0,66.0,85.0,109.0,127
oscore-base-schc-d2-peer-based_cbor_dns_cbor,oscore-base,schc,peer-based,d2,cbor,dns_cbor,1024,161415,72416,88999,0,0,0,87167,88.1611250503361,37.04497892630735,6,23.0,59.0,90.0,127.0,127.0,127
oscore-base-schc-d2-peer-based_cbor_dns_cbor_b64,oscore-base,schc,peer-based,d2,cbor,dns_cbor,64,366647,188184,178463,0,0,0,19426,60.78525120892848,30.91779927797797,6,19.0,32.0,62.0,85.0,110.0,127
oscore-base-schc-d2-peer-based_cbor_dns_message,oscore-base,schc,peer-based,d2,cbor,dns_message,1024,170781,72338,98443,0,0,0,105030,93.5916114790287,36.21233233164252,6,22.0,73.0,100.0,127.0,127.0,127
oscore-base-schc-d2-peer-based_cbor_dns_message_b64,oscore-base,schc,peer-based,d2,cbor,dns_message,64,417125,213433,203692,0,0,0,19466,60.65371771051843,31.65083686591586,6,19.0,28.0,65.0,85.0,108.0,127
oscore-base-schc-d2-peer-based_json_dns_cbor,oscore-base,schc,peer-based,d2,json,dns_cbor,1024,172544,75950,96594,0,0,0,100755,90.47499768175074,37.091088108176294,6,26.0,60.0,96.0,127.0,127.0,127
oscore-base-schc-d2-peer-based_json_dns_cbor_b64,oscore-base,schc,peer-based,d2,json,dns_cbor,64,408050,209150,198900,0,0,0,20482,61.31100600416615,31.04925051707101,6,19.0,32.0,63.0,85.0,110.0,127
oscore-base-schc-d2-peer-based_json_dns_message,oscore-base,schc,peer-based,d2,json,dns_message,1024,181902,75880,106022,0,0,0,118618,95.40918186715923,36.04144735474018,6,24.0,74.0,109.0,127.0,127.0,127
oscore-base-schc-d2-peer-based_json_dns_message_b64,oscore-base,schc,peer-based,d2,json,dns_message,64,458459,234331,224128,0,0,0,20390,60.96262697427687,31.710877355231528,6,19.0,28.0,66.0,85.0,108.0,127
oscore-base-schc-d2_cbor_dns_cbor,oscore-base,schc,none,d2,cbor,dns_cbor,1024,161369,72403,88966,0,0,0,87091,88.0717424040553,37.09565745516999,6,23.0,59.0,90.0,127.0,127.0,127
oscore-base-schc-d2_cbor_dns_cbor_b64,oscore-base,schc,none,d2,cbor,dns_cbor,64,366677,188214,178463,0,0,0,19486,60.88849314246598,30.9113378016254,6,19.0,32.0,62.0,85.0,110.0,127
oscore-base-schc-d2_cbor_dns_message,oscore-base,schc,none,d2,cbor,dns_message,1024,170823,72356,98467,0,0,0,105102,93.63099816769405,36.19430743447164,6,22.0,73.0,100.0,127.0,127.0,127
oscore-base-schc-d2_cbor_dns_message_b64,oscore-base,schc,none,d2,cbor,dns_message,64,417105,213413,203692,0,0,0,19426,60.580582826866134,31.654156808318312,6,19.0,28.0,65.0,85.0,108.0,127
oscore-base-schc-d2_json_dns_cbor,oscore-base,schc,none,d2,json,dns_cbor,1024,172338,75883,96455,0,0,0,100404,90.13585512191159,37.30300411611218,6,25.0,59.0,96.0,127.0,127.0,127
oscore-base-schc-d2_json_dns_cbor_b64,oscore-base,schc,none,d2,json,dns_cbor,64,407994,209094,198900,0,0,0,20370,61.1474384427222,31.058020387226158,6,19.0,32.0,62.0,85.0,110.0,127
oscore-base-schc-d2_json_dns_message,oscore-base,schc,none,d2,json,dns_message,1024,181902,75880,106022,0,0,0,118618,95.40918186715923,36.04144735474018,6,24.0,74.0,109.0,127.0,127.0,127
oscore-base-schc-d2_json_dns_message_b64,oscore-base,schc,none,d2,json,dns_message,64,458505,234377,224128,0,0,0,20482,61.08434368218449,31.705049201426412,6,19.0,29.0,66.0,85.0,109.0,127
oscore-base-schc-p1_cbor_dns_cbor,oscore-base,schc,none,p1,cbor,dns_cbor,1024,161821,72818,89003,0,0,0,87178,87.96499836238807,37.2320717184318,3,23.0,59.0,90.0,127.0,127.0,127
oscore-base-schc-p1_cbor_dns_cbor_b64,oscore-base,schc,none,p1,cbor,dns_cbor,64,296462,159848,136614,0,0,0,32256,65.07529464147176,29.874971918080046,3,22.0,38.0,67.0,85.0,127.0,127
oscore-base-schc-p1_cbor_dns_message,oscore-base,schc,none,p1,cbor,dns_message,1024,171126,72594,98532,0,0,0,105271,93.64384138003577,36.25193308117942,3,22.0,73.0,100.0,127.0,127.0,127
oscore-base-schc-p1_cbor_dns_message_b64,oscore-base,schc,none,p1,cbor,dns_message,64,335261,179285,155976,0,0,0,32283,65.62215408293837,30.61133604286283,3,22.0,34.0,78.0,85.0,127.0,127
oscore-base-schc-p1_json_dns_cbor,oscore-base,schc,none,p1,json,dns_cbor,1024,172562,76038,96524,0,0,0,100562,90.17805194654674,37.30075075962804,3,25.0,59.0,96.0,127.0,127.0,127
oscore-base-schc-p1_json_dns_cbor_b64,oscore-base,schc,none,p1,json,dns_cbor,64,327665,177175,150490,0,0,0,36863,65.68245616712191,29.97824738942507,3,23.0,38.0,68.0,85.0,127.0,127
oscore-base-schc-p1_json_dns_message,oscore-base,schc,none,p1,json,dns_message,1024,182789,76767,106022,0,0,0,118619,94.96214761282134,36.522044796359026,3,22.0,74.0,108.0,127.0,127.0,127
oscore-base-schc-p1_json_dns_message_b64,oscore-base,schc,none,p1,json,dns_message,64,366291,196434,169857,0,0,0,36892,66.30941246167664,30.578705006348567,3,23.0,36.0,79.0,85.0,127.0,127
oscore-base-schc-p2-min-rules_cbor_dns_cbor,oscore-base,schc,min-rules,p2,cbor,dns_cbor,1024,161736,72851,88885,0,0,0,87022,87.57382400949696,37.46679130900908,3,23.0,58.0,89.0,127.0,127.0,127
oscore-base-schc-p2-min-rules_cbor_dns_cbor_b64,oscore-base,schc,min-rules,p2,cbor,dns_cbor,64,296573,159963,136610,0,0,0,32433,64.93594494441504,29.972078221080935,3,22.0,38.0,67.0,85.0,127.0,127
oscore-base-schc-p2-min-rules_cbor_dns_message,oscore-base,schc,min-rules,p2,cbor,dns_message,1024,171127,72676,98451,0,0,0,105231,93.43772169207665,36.381077803232095,3,22.0,73.0,99.0,127.0,127.0,127
oscore-base-schc-p2-min-rules_cbor_dns_message_b64,oscore-base,schc,min-rules,p2,cbor,dns_message,64,335455,179475,155980,0,0,0,32482,65.58582522245905,30.718758199555133,3,23.0,34.0,78.0,85.0,127.0,127
oscore-base-schc-p2-min-rules_json_dns_cbor,oscore-base,schc,min-rules,p2,json,dns_cbor,1024,172535,76090,96445,0,0,0,100520,90.03252093778075,37.40007614433599,3,25.0,59.0,95.0,127.0,127.0,127
oscore-base-schc-p2-min-rules_json_dns_cbor_b64,oscore-base,schc,min-rules,p2,json,dns_cbor,64,327749,177255,150494,0,0,0,37025,65.92337123835618,29.99682699151433,3,22.0,39.0,69.0,85.0,127.0,127
oscore-base-schc-p2-min-rules_json_dns_message,oscore-base,schc,min-rules,p2,json,dns_message,1024,182900,76878,106022,0,0,0,118749,94.9163258611263,36.57209264540931,3,22.0,74.0,108.0,127.0,127.0,127
oscore-base-schc-p2-min-rules_json_dns_message_b64,oscore-base,schc,min-rules,p2,json,dns_message,64,366368,196511,169857,0,0,0,37027,66.31859496462573,30.662166209789095,3,23.0,36.0,79.0,85.0,127.0,127
oscore-base-schc-p2_cbor_dns_cbor,oscore-base,schc,none,p2,cbor,dns_cbor,1024,161515,72712,88803,0,0,0,86651,87.52021174503916,37.470688154873756,3,22.0,58.0,89.0,127.0,127.0,127
oscore-base-schc-p2_cbor_dns_cbor_b64,oscore-base,schc,none,p2,cbor,dns_cbor,64,296442,159832,136610,0,0,0,32227,64.94492683223025,29.95271538475606,3,22.0,38.0,67.0,85.0,127.0,127
oscore-base-schc-p2_cbor_dns_message,oscore-base,schc,none,p2,cbor,dns_message,1024,170933,72534,98399,0,0,0,104925,93.4155780334985,36.36099311578366,3,22.0,72.0,99.0,127.0,127.0,127
oscore-base-schc-p2_cbor_dns_message_b64,oscore-base,schc,none,p2,cbor,dns_message,64,335328,179348,155980,0,0,0,32264,65.55679812004962,30.707994460139915,3,23.0,34.0,78.0,85.0,127.0,127
oscore-base-schc-p2_json_dns_cbor,oscore-base,schc,none,p2,json,dns_cbor,1024,172596,76045,96551,0,0,0,100644,90.308778882477,37.213506326211444,3,26.0,60.0,96.0,127.0,127.0,127
oscore-base-schc-p2_json_dns_cbor_b64,oscore-base,schc,none,p2,json,dns_cbor,64,327608,177118,150490,0,0,0,36856,65.79154660447853,30.005221427783674,3,22.0,39.0,68.0,85.0,127.0,127
oscore-base-schc-p2_json_dns_message,oscore-base,schc,none,p2,json,dns_message,1024,182870,76820,106050,0,0,0,118671,94.98346366271122,36.52213195736836,3,22.0,74.0,108.0,127.0,127.0,127
oscore-base-schc-p2_json_dns_message_b64,oscore-base,schc,none,p2,json,dns_message,64,366211,196354,169857,0,0,0,36878,66.29949400755302,30.64769262181064,3,23.0,36.0,79.0,85.0,127.0,127
oscore-d1_cbor_dns_cbor,oscore,eth,none,d1,cbor,dns_cbor,1024,100820,50410,50410,0,0,0,0,195.93241420353104,166.77890746181137,69,88.0,121.0,135.0,190.0,564.0,1103
oscore-d1_cbor_dns_cbor_b64,oscore,eth,none,d1,cbor,dns_cbor,64,356925,178463,178462,0,0,0,0,119.56206485956433,34.50398955053852,67,69.0,92.0,125.0,135.0,174.0,513
oscore-d1_cbor_dns_message,oscore,eth,none,d1,cbor,dns_message,1024,100818,50409,50409,0,0,0,0,213.41140470947647,162.8626643223185,70,93.0,139.0,153.0,218.0,564.0,1103
oscore-d1_cbor_dns_message_b64,oscore,eth,none,d1,cbor,dns_message,64,407383,203692,203691,0,0,0,0,119.20962828591277,34.43640744109791,67,69.0,88.0,126.0,136.0,173.0,513
oscore-d1_json_dns_cbor,oscore,eth,none,d1,json,dns_cbor,1024,100818,50409,50409,0,0,0,0,209.4828106092166,190.10192687099553,70,89.0,122.0,136.0,202.0,640.0,1105
oscore-d1_json_dns_cbor_b64,oscore,eth,none,d1,json,dns_cbor,64,397808,198904,198904,0,0,0,0,119.85865794554157,34.43721213251959,68,69.0,93.0,126.0,135.0,174.0,513
oscore-d1_json_dns_message,oscore,eth,none,d1,json,dns_message,1024,100818,50409,50409,0,0,0,0,226.96478803388283,185.401708719994,70,98.0,140.0,155.0,222.0,640.0,1105
oscore-d1_json_dns_message_b64,oscore,eth,none,d1,json,dns_message,64,448257,224129,224128,0,0,0,0,119.5052748757967,34.388042531728225,67,69.0,88.0,127.0,136.0,173.0,513
oscore-d2_cbor_dns_cbor,oscore,eth,none,d2,cbor,dns_cbor,1024,100820,50410,50410,0,0,0,0,195.67941876611783,166.87988838473908,69,88.0,121.0,134.0,190.0,564.0,1103
oscore-d2_cbor_dns_cbor_b64,oscore,eth,none,d2,cbor,dns_cbor,64,356928,178464,178464,0,0,0,0,119.31460686749148,34.52406093351754,67,69.0,92.0,124.0,135.0,174.0,513
oscore-d2_cbor_dns_message,oscore,eth,none,d2,cbor,dns_message,1024,100818,50409,50409,0,0,0,0,213.1595151659426,162.96732627098083,69,93.0,138.0,152.0,218.0,564.0,1103
oscore-d2_cbor_dns_message_b64,oscore,eth,none,d2,cbor,dns_message,64,407383,203692,203691,0,0,0,0,118.87823006851046,34.48106612096629,67,69.0,87.0,126.0,136.0,173.0,513
oscore-d2_json_dns_cbor,oscore,eth,none,d2,json,dns_cbor,1024,100818,50409,50409,0,0,0,0,209.23036560931578,190.2077686018765,69,89.0,122.0,136.0,202.0,640.0,1105
oscore-d2_json_dns_cbor_b64,oscore,eth,none,d2,json,dns_cbor,64,397808,198904,198904,0,0,0,0,119.63585699633994,34.46214929255693,68,69.0,93.0,125.0,135.0,174.0,513
oscore-d2_json_dns_message,oscore,eth,none,d2,json,dns_message,1024,100818,50409,50409,0,0,0,0,226.71325556944197,185.51104766377978,70,98.0,139.0,154.0,222.0,640.0,1105
oscore-d2_json_dns_message_b64,oscore,eth,none,d2,json,dns_message,64,448260,224130,224130,0,0,0,0,119.20372105474502,34.433467073509775,67,69.0,87.0,127.0,136.0,173.0,513
oscore-p1_cbor_dns_cbor,oscore,eth,none,p1,cbor,dns_cbor,1024,101960,51118,50842,0,0,0,0,210.42042958022753,166.22812495966514,52,96.0,138.0,154.0,204.0,571.0,1124
oscore-p1_cbor_dns_cbor_b64,oscore,eth,none,p1,cbor,dns_cbor,64,356967,178504,178463,0,0,0,0,135.86834637375443,36.428341600704975,52,80.0,109.0,144.0,148.0,196.0,535
oscore-p1_cbor_dns_message,oscore,eth,none,p1,cbor,dns_message,1024,101865,51024,50841,0,0,0,0,227.86969027634615,162.22623503559706,52,97.0,156.0,172.0,231.0,571.0,1124
oscore-p1_cbor_dns_message_b64,oscore,eth,none,p1,cbor,dns_message,64,408072,204380,203692,0,0,0,0,135.40704826599227,36.1410988803107,52,80.0,110.0,142.0,148.0,194.0,535
oscore-p1_json_dns_cbor,oscore,eth,none,p1,json,dns_cbor,1024,101808,50947,50861,0,0,0,0,224.0894134056263,189.3495406633189,52,99.0,142.0,155.0,214.0,648.0,1124
oscore-p1_json_dns_cbor_b64,oscore,eth,none,p1,json,dns_cbor,64,397975,199072,198903,0,0,0,0,136.15748476663106,36.3709916272909,52,80.0,109.0,145.0,148.0,196.0,535
oscore-p1_json_dns_message,oscore,eth,none,p1,json,dns_message,1024,102425,51564,50861,0,0,0,0,240.26508176714668,184.59812707800543,52,99.0,159.0,174.0,235.0,644.0,1124
oscore-p1_json_dns_message_b64,oscore,eth,none,p1,json,dns_message,64,448514,224384,224130,0,0,0,0,135.81098471842574,36.023699242810274,52,80.0,110.0,144.0,148.0,195.0,535
oscore-p2_cbor_dns_cbor,oscore,eth,none,p2,cbor,dns_cbor,1024,101968,51126,50842,0,0,0,0,210.1591675819865,166.3173387373438,52,96.0,138.0,153.0,204.0,571.0,1124
oscore-p2_cbor_dns_cbor_b64,oscore,eth,none,p2,cbor,dns_cbor,64,357417,178954,178463,0,0,0,0,135.51574771205622,36.50752277102093,52,80.0,108.0,144.0,148.0,196.0,535
oscore-p2_cbor_dns_message,oscore,eth,none,p2,cbor,dns_message,1024,101857,51016,50841,0,0,0,0,227.63551842288697,162.31893915008246,52,97.0,156.0,171.0,231.0,571.0,1124
oscore-p2_cbor_dns_message_b64,oscore,eth,none,p2,cbor,dns_message,64,408051,204358,203693,0,0,0,0,135.08007822551593,36.12664592344531,52,80.0,108.0,142.0,148.0,194.0,535
oscore-p2_json_dns_cbor,oscore,eth,none,p2,json,dns_cbor,1024,101810,50949,50861,0,0,0,0,223.8367547392201,189.44686670095615,52,99.0,141.0,154.0,214.0,648.0,1124
oscore-p2_json_dns_cbor_b64,oscore,eth,none,p2,json,dns_cbor,64,398264,199361,198903,0,0,0,0,135.87523602434567,36.41764679259853,52,80.0,109.0,145.0,148.0,196.0,535
oscore-p2_json_dns_message,oscore,eth,none,p2,json,dns_message,1024,102357,51496,50861,0,0,0,0,240.14058637904589,184.69500449347603,52,99.0,158.0,173.0,235.0,644.0,1124
oscore-p2_json_dns_message_b64,oscore,eth,none,p2,json,dns_message,64,448502,224372,224130,0,0,0,0,135.5115161136405,36.01886470487378,52,80.0,108.0,144.0,148.0,194.0,535
oscore-schc-d1_cbor_dns_cbor,oscore,schc,none,d1,cbor,dns_cbor,1024,161431,72421,89010,0,0,0,87193,88.17875748771921,37.03607508804261,6,23.0,59.0,90.0,127.0,127.0,127
oscore-schc-d1_cbor_dns_cbor_b64,oscore,schc,none,d1,cbor,dns_cbor,64,366716,188256,178460,0,0,0,19576,61.07747684856947,30.88039740583399,6,19.0,32.0,63.0,85.0,110.0,127
oscore-schc-d1_cbor_dns_message,oscore,schc,none,d1,cbor,dns_message,1024,171053,72421,98632,0,0,0,105497,93.88346886637476,36.075744900996604,6,23.0,73.0,100.0,127.0,127.0,127
oscore-schc-d1_cbor_dns_message_b64,oscore,schc,none,d1,cbor,dns_message,64,417189,213497,203692,0,0,0,19594,60.911553276812185,31.60182501027557,6,19.0,28.0,65.0,86.0,109.0,127
oscore-schc-d1_json_dns_cbor,oscore,schc,none,d1,json,dns_cbor,1024,172591,75972,96619,0,0,0,100830,90.56617088955971,37.0343039939723,6,26.0,60.0,96.0,127.0,127.0,127
oscore-schc-d1_json_dns_cbor_b64,oscore,schc,none,d1,json,dns_cbor,64,408081,209181,198900,0,0,0,20544,61.450944787922005,31.02038360143588,6,19.0,32.0,63.0,85.0,110.0,127
oscore-schc-d1_json_dns_message,oscore,schc,none,d1,json,dns_message,1024,182209,75970,106239,0,0,0,119126,95.79557541065479,35.82766322783351,6,24.0,75.0,110.0,127.0,127.0,127
oscore-schc-d1_json_dns_message_b64,oscore,schc,none,d1,json,dns_message,64,458540,234412,224128,0,0,0,20552,61.25997295764819,31.661316627836108,6,19.0,29.0,66.0,85.0,109.0,127
oscore-schc-d2-min-rules_cbor_dns_cbor,oscore,schc,min-rules,d2,cbor,dns_cbor,1024,161535,72524,89011,0,0,0,87387,88.39667564304949,36.949271454993074,6,23.0,60.0,90.0,127.0,127.0,127
oscore-schc-d2-min-rules_cbor_dns_cbor_b64,oscore,schc,min-rules,d2,cbor,dns_cbor,64,366846,188382,178464,0,0,0,19820,61.39811801137262,30.909229489996925,7,19.0,33.0,63.0,85.0,111.0,127
oscore-schc-d2-min-rules_cbor_dns_message,oscore,schc,min-rules,d2,cbor,dns_message,1024,171155,72526,98629,0,0,0,105692,94.08288393561392,36.03152019713592,6,23.0,74.0,100.0,127.0,127.0,127
oscore-schc-d2-min-rules_cbor_dns_message_b64,oscore,schc,min-rules,d2,cbor,dns_message,64,417299,213606,203693,0,0,0,19810,61.20476444947148,31.61468566255793,7,19.0,28.0,66.0,86.0,110.0,127
oscore-schc-d2-min-rules_json_dns_cbor,oscore,schc,min-rules,d2,json,dns_cbor,1024,172663,76046,96617,0,0,0,100960,90.77871344758286,36.934338567459115,6,26.0,61.0,97.0,127.0,127.0,127
oscore-schc-d2-min-rules_json_dns_cbor_b64,oscore,schc,min-rules,d2,json,dns_cbor,64,408251,209351,198900,0,0,0,20884,61.78202625345682,31.053872433996865,7,19.0,33.0,64.0,85.0,111.0,127
oscore-schc-d2-min-rules_json_dns_message,oscore,schc,min-rules,d2,json,dns_message,1024,182286,76047,106239,0,0,0,119272,95.99221004355793,35.76842118584796,6,24.0,76.0,110.0,127.0,127.0,127
oscore-schc-d2-min-rules_json_dns_message_b64,oscore,schc,min-rules,d2,json,dns_message,64,458709,234581,224128,0,0,0,20890,61.562432827784065,31.679989726311987,7,19.0,29.0,67.0,86.0,110.0,127
oscore-schc-d2-peer-based_cbor_dns_cbor,oscore,schc,peer-based,d2,cbor,dns_cbor,1024,161428,72420,89008,0,0,0,87190,88.17825903808509,37.03627804689057,6,23.0,59.0,90.0,127.0,127.0,127
oscore-schc-d2-peer-based_cbor_dns_cbor_b64,oscore,schc,peer-based,d2,cbor,dns_cbor,64,366707,188244,178463,0,0,0,19546,60.95891815536655,30.90671850653872,6,19.0,32.0,62.0,85.0,110.0,127
oscore-schc-d2-peer-based_cbor_dns_message,oscore,schc,peer-based,d2,cbor,dns_message,1024,171054,72418,98636,0,0,0,105501,93.88172156161212,36.076932182412655,6,23.0,73.0,100.0,127.0,127.0,127
oscore-schc-d2-peer-based_cbor_dns_message_b64,oscore,schc,peer-based,d2,cbor,dns_message,64,417165,213473,203692,0,0,0,19546,60.75714884997543,31.644364328761245,6,19.0,28.0,65.0,86.0,109.0,127
oscore-schc-d2-peer-based_json_dns_cbor,oscore,schc,peer-based,d2,json,dns_cbor,1024,172588,75970,96618,0,0,0,100826,90.56641829095882,37.033945259607435,6,26.0,60.0,96.0,127.0,127.0,127
oscore-schc-d2-peer-based_json_dns_cbor_b64,oscore,schc,peer-based,d2,json,dns_cbor,64,408062,209162,198900,0,0,0,20506,61.34488876690307,31.046258957029664,6,19.0,32.0,63.0,85.0,110.0,127
oscore-schc-d2-peer-based_json_dns_message,oscore,schc,peer-based,d2,json,dns_message,1024,182204,75967,106237,0,0,0,119125,95.79716142345941,35.825090948878426,6,24.0,75.0,110.0,127.0,127.0,127
oscore-schc-d2-peer-based_json_dns_message_b64,oscore,schc,peer-based,d2,json,dns_message,64,458521,234393,224128,0,0,0,20514,61.118550731591355,31.703225239349493,6,19.0,29.0,66.0,85.0,109.0,127
oscore-schc-d2_cbor_dns_cbor,oscore,schc,none,d2,cbor,dns_cbor,1024,161433,72419,89014,0,0,0,87196,88.17520581293788,37.03872690496115,6,23.0,59.0,90.0,127.0,127.0,127
oscore-schc-d2_cbor_dns_cbor_b64,oscore,schc,none,d2,cbor,dns_cbor,64,366707,188244,178463,0,0,0,19546,60.95887452380238,30.90665403864504,6,19.0,32.0,62.0,85.0,110.0,127
oscore-schc-d2_cbor_dns_message,oscore,schc,none,d2,cbor,dns_message,1024,171055,72421,98634,0,0,0,105501,93.88124872117156,36.077627859185746,6,23.0,73.0,100.0,127.0,127.0,127
oscore-schc-d2_cbor_dns_message_b64,oscore,schc,none,d2,cbor,dns_message,64,417162,213470,203692,0,0,0,19540,60.757573796271,31.6445974312985,6,19.0,28.0,65.0,86.0,109.0,127
oscore-schc-d2_json_dns_cbor,oscore,schc,none,d2,json,dns_cbor,1024,172579,75967,96612,0,0,0,100810,90.56886990885333,37.03137432254441,6,26.0,60.0,96.0,127.0,127.0,127
oscore-schc-d2_json_dns_cbor_b64,oscore,schc,none,d2,json,dns_cbor,64,408063,209163,198900,0,0,0,20508,61.34492713134981,31.04642847586669,6,19.0,32.0,63.0,85.0,110.0,127
oscore-schc-d2_json_dns_message,oscore,schc,none,d2,json,dns_message,1024,182206,75966,106240,0,0,0,119123,95.79637882396848,35.82593996726793,6,24.0,75.0,110.0,127.0,127.0,127
oscore-schc-d2_json_dns_message_b64,oscore,schc,none,d2,json,dns_message,64,458521,234393,224128,0,0,0,20514,61.1184285997806,31.702786524312334,6,19.0,29.0,66.0,85.0,109.0,127
oscore-schc-p1_cbor_dns_cbor,oscore,schc,none,p1,cbor,dns_cbor,1024,171116,78851,92265,0,0,0,101243,96.57612964304916,35.152640989498884,3,23.0,76.0,105.0,127.0,127.0,127
oscore-schc-p1_cbor_dns_cbor_b64,oscore,schc,none,p1,cbor,dns_cbor,64,403589,225125,178464,0,0,0,92292,75.86874022830156,33.50075347581696,3,20.0,53.0,81.0,96.0,127.0,127
oscore-schc-p1_cbor_dns_message,oscore,schc,none,p1,cbor,dns_message,1024,184357,80171,104186,0,0,0,126746,99.66722174910635,37.2578297957682,3,18.0,83.0,119.0,127.0,127.0,127
oscore-schc-p1_cbor_dns_message_b64,oscore,schc,none,p1,cbor,dns_message,64,454554,250860,203694,0,0,0,92674,76.49302833106738,33.53868887852204,3,20.0,56.0,80.0,97.0,127.0,127
oscore-schc-p1_json_dns_cbor,oscore,schc,none,p1,json,dns_cbor,1024,182025,82651,99374,0,0,0,114739,98.45923911550611,34.58020179744483,3,25.0,79.0,111.0,127.0,127.0,127
oscore-schc-p1_json_dns_cbor_b64,oscore,schc,none,p1,json,dns_cbor,64,451620,252718,198902,0,0,0,106481,75.8697024046765,33.79154832370556,3,20.0,53.0,81.0,96.0,127.0,127
oscore-schc-p1_json_dns_message,oscore,schc,none,p1,json,dns_message,1024,195851,84555,111296,0,0,0,140232,100.95826929655708,36.84550304845695,3,19.0,86.0,123.0,127.0,127.0,127
oscore-schc-p1_json_dns_message_b64,oscore,schc,none,p1,json,dns_message,64,501987,277857,224130,0,0,0,106813,76.52181430993232,33.720143250690924,3,20.0,56.0,80.0,97.0,127.0,127
oscore-schc-p2_cbor_dns_cbor,oscore,schc,none,p2,cbor,dns_cbor,1024,171113,78855,92258,0,0,0,101228,96.42824916867801,35.1491325406102,3,23.0,76.0,105.0,127.0,127.0,127
oscore-schc-p2_cbor_dns_cbor_b64,oscore,schc,none,p2,cbor,dns_cbor,64,403547,225085,178462,0,0,0,92183,75.65682807702696,33.482200077457854,3,20.0,53.0,81.0,96.0,127.0,127
oscore-schc-p2_cbor_dns_message,oscore,schc,none,p2,cbor,dns_message,1024,184032,79842,104190,0,0,0,126114,99.6940586419753,37.05688048530413,3,18.0,84.0,119.0,127.0,127.0,127
oscore-schc-p2_cbor_dns_message_b64,oscore,schc,none,p2,cbor,dns_message,64,453797,250107,203690,0,0,0,92511,76.3164630881209,33.43192920705712,3,20.0,55.0,79.0,97.0,127.0,127
oscore-schc-p2_json_dns_cbor,oscore,schc,none,p2,json,dns_cbor,1024,182009,82640,99369,0,0,0,114726,98.32732447296563,34.57573129923851,3,25.0,79.0,110.0,127.0,127.0,127
oscore-schc-p2_json_dns_cbor_b64,oscore,schc,none,p2,json,dns_cbor,64,451159,252255,198904,0,0,0,106352,75.74911284048417,33.7135440553465,3,20.0,53.0,82.0,96.0,127.0,127
oscore-schc-p2_json_dns_message,oscore,schc,none,p2,json,dns_message,1024,195514,84217,111297,0,0,0,139613,100.99101854598648,36.64532285188466,3,19.0,86.0,122.0,127.0,127.0,127
oscore-schc-p2_json_dns_message_b64,oscore,schc,none,p2,json,dns_message,64,501752,277622,224130,0,0,0,106656,76.2865778312792,33.68745519408911,3,20.0,55.0,80.0,97.0,127.0,127
